test_version,locale,scale_name,gender,raw_score,t_score,age_group,notes
MMPI-2,TR,L,male,0,30,adult,NON-OFFICIAL-FORMULA
MMPI-2,TR,L,male,1,30,adult,NON-OFFICIAL-FORMULA
MMPI-2,TR,L,male,2,30,adult,NON-OFFICIAL-FORMULA
MMPI-2,TR,L,male,3,30,adult,NON-OFFICIAL-FORMULA
MMPI-2,TR,L,male,4,40,adult,NON-OFFICIAL-FORMULA
MMPI-2,TR,L,male,5,50,adult,NON-OFFICIAL-FORMULA
MMPI-2,TR,L,male,6,60,adult,NON-OFFICIAL-FORMULA
MMPI-2,TR,L,male,7,70,adult,NON-OFFICIAL-FORMULA
MMPI-2,TR,L,male,8,80,adult,NON-OFFICIAL-FORMULA
MMPI-2,TR,L,male,9,90,adult,NON-OFFICIAL-FORMULA
MMPI-2,TR,L,male,10,100,adult,NON-OFFICIAL-FORMULA
MMPI-2,TR,L,male,11,110,adult,NON-OFFICIAL-FORMULA
MMPI-2,TR,L,male,12,120,adult,NON-OFFICIAL-FORMULA
MMPI-2,TR,L,male,13,120,adult,NON-OFFICIAL-FORMULA
MMPI-2,TR,L,male,14,120,adult,NON-OFFICIAL-FORMULA
MMPI-2,TR,L,male,15,120,adult,NON-OFFICIAL-FORMULA
MMPI-2,TR,L,male,16,120,adult,NON-OFFICIAL-FORMULA
MMPI-2,TR,L,male,17,120,adult,NON-OFFICIAL-FORMULA
MMPI-2,TR,L,male,18,120,adult,NON-OFFICIAL-FORMULA
MMPI-2,TR,L,male,19,120,adult,NON-OFFICIAL-FORMULA
MMPI-2,TR,L,male,20,120,adult,NON-OFFICIAL-FORMULA
MMPI-2,TR,L,male,21,120,adult,NON-OFFICIAL-FORMULA
MMPI-2,TR,L,male,22,120,adult,NON-OFFICIAL-FORMULA
MMPI-2,TR,L,male,23,120,adult,NON-OFFICIAL-FORMULA
MMPI-2,TR,L,male,24,120,adult,NON-OFFICIAL-FORMULA
MMPI-2,TR,L,male,25,120,adult,NON-OFFICIAL-FORMULA
MMPI-2,TR,L,male,26,120,adult,NON-OFFICIAL-FORMULA
MMPI-2,TR,L,male,27,120,adult,NON-OFFICIAL-FORMULA
MMPI-2,TR,L,male,28,120,adult,NON-OFFICIAL-FORMULA
MMPI-2,TR,L,male,29,120,adult,NON-OFFICIAL-FORMULA
MMPI-2,TR,L,male,30,120,adult,NON-OFFICIAL-FORMULA
MMPI-2,TR,L,male,31,120,adult,NON-OFFICIAL-FORMULA
MMPI-2,TR,L,male,32,120,adult,NON-OFFICIAL-FORMULA
MMPI-2,TR,L,male,33,120,adult,NON-OFFICIAL-FORMULA
MMPI-2,TR,L,male,34,120,adult,NON-OFFICIAL-FORMULA
MMPI-2,TR,L,male,35,120,adult,NON-OFFICIAL-FORMULA
MMPI-2,TR,L,male,36,120,adult,NON-OFFICIAL-FORMULA
MMPI-2,TR,L,male,37,120,adult,NON-OFFICIAL-FORMULA
MMPI-2,TR,L,male,38,120,adult,NON-OFFICIAL-FORMULA
MMPI-2,TR,L,male,39,120,adult,NON-OFFICIAL-FORMULA
MMPI-2,TR,L,male,40,120,adult,NON-OFFICIAL-FORMULA
MMPI-2,TR,L,female,0,30,adult,NON-OFFICIAL-FORMULA
MMPI-2,TR,L,female,1,30,adult,NON-OFFICIAL-FORMULA
MMPI-2,TR,L,female,2,30,adult,NON-OFFICIAL-FORMULA
MMPI-2,TR,L,female,3,30,adult,NON-OFFICIAL-FORMULA
MMPI-2,TR,L,female,4,40,adult,NON-OFFICIAL-FORMULA
MMPI-2,TR,L,female,5,50,adult,NON-OFFICIAL-FORMULA
MMPI-2,TR,L,female,6,60,adult,NON-OFFICIAL-FORMULA
MMPI-2,TR,L,female,7,70,adult,NON-OFFICIAL-FORMULA
MMPI-2,TR,L,female,8,80,adult,NON-OFFICIAL-FORMULA
MMPI-2,TR,L,female,9,90,adult,NON-OFFICIAL-FORMULA
MMPI-2,TR,L,female,10,100,adult,NON-OFFICIAL-FORMULA
MMPI-2,TR,L,female,11,110,adult,NON-OFFICIAL-FORMULA
MMPI-2,TR,L,female,12,120,adult,NON-OFFICIAL-FORMULA
MMPI-2,TR,L,female,13,120,adult,NON-OFFICIAL-FORMULA
MMPI-2,TR,L,female,14,120,adult,NON-OFFICIAL-FORMULA
MMPI-2,TR,L,female,15,120,adult,NON-OFFICIAL-FORMULA
MMPI-2,TR,L,female,16,120,adult,NON-OFFICIAL-FORMULA
MMPI-2,TR,L,female,17,120,adult,NON-OFFICIAL-FORMULA
MMPI-2,TR,L,female,18,120,adult,NON-OFFICIAL-FORMULA
MMPI-2,TR,L,female,19,120,adult,NON-OFFICIAL-FORMULA
MMPI-2,TR,L,female,20,120,adult,NON-OFFICIAL-FORMULA
MMPI-2,TR,L,female,21,120,adult,NON-OFFICIAL-FORMULA
MMPI-2,TR,L,female,22,120,adult,NON-OFFICIAL-FORMULA
MMPI-2,TR,L,female,23,120,adult,NON-OFFICIAL-FORMULA
MMPI-2,TR,L,female,24,120,adult,NON-OFFICIAL-FORMULA
MMPI-2,TR,L,female,25,120,adult,NON-OFFICIAL-FORMULA
MMPI-2,TR,L,female,26,120,adult,NON-OFFICIAL-FORMULA
MMPI-2,TR,L,female,27,120,adult,NON-OFFICIAL-FORMULA
MMPI-2,TR,L,female,28,120,adult,NON-OFFICIAL-FORMULA
MMPI-2,TR,L,female,29,120,adult,NON-OFFICIAL-FORMULA
MMPI-2,TR,L,female,30,120,adult,NON-OFFICIAL-FORMULA
MMPI-2,TR,L,female,31,120,adult,NON-OFFICIAL-FORMULA
MMPI-2,TR,L,female,32,120,adult,NON-OFFICIAL-FORMULA
MMPI-2,TR,L,female,33,120,adult,NON-OFFICIAL-FORMULA
MMPI-2,TR,L,female,34,120,adult,NON-OFFICIAL-FORMULA
MMPI-2,TR,L,female,35,120,adult,NON-OFFICIAL-FORMULA
MMPI-2,TR,L,female,36,120,adult,NON-OFFICIAL-FORMULA
MMPI-2,TR,L,female,37,120,adult,NON-OFFICIAL-FORMULA
MMPI-2,TR,L,female,38,120,adult,NON-OFFICIAL-FORMULA
MMPI-2,TR,L,female,39,120,adult,NON-OFFICIAL-FORMULA
MMPI-2,TR,L,female,40,120,adult,NON-OFFICIAL-FORMULA
MMPI-2,TR,F,male,0,30,adult,NON-OFFICIAL-FORMULA
MMPI-2,TR,F,male,1,30,adult,NON-OFFICIAL-FORMULA
MMPI-2,TR,F,male,2,30,adult,NON-OFFICIAL-FORMULA
MMPI-2,TR,F,male,3,30,adult,NON-OFFICIAL-FORMULA
MMPI-2,TR,F,male,4,40,adult,NON-OFFICIAL-FORMULA
MMPI-2,TR,F,male,5,50,adult,NON-OFFICIAL-FORMULA
MMPI-2,TR,F,male,6,60,adult,NON-OFFICIAL-FORMULA
MMPI-2,TR,F,male,7,70,adult,NON-OFFICIAL-FORMULA
MMPI-2,TR,F,male,8,80,adult,NON-OFFICIAL-FORMULA
MMPI-2,TR,F,male,9,90,adult,NON-OFFICIAL-FORMULA
MMPI-2,TR,F,male,10,100,adult,NON-OFFICIAL-FORMULA
MMPI-2,TR,F,male,11,110,adult,NON-OFFICIAL-FORMULA
MMPI-2,TR,F,male,12,120,adult,NON-OFFICIAL-FORMULA
MMPI-2,TR,F,male,13,120,adult,NON-OFFICIAL-FORMULA
MMPI-2,TR,F,male,14,120,adult,NON-OFFICIAL-FORMULA
MMPI-2,TR,F,male,15,120,adult,NON-OFFICIAL-FORMULA
MMPI-2,TR,F,male,16,120,adult,NON-OFFICIAL-FORMULA
MMPI-2,TR,F,male,17,120,adult,NON-OFFICIAL-FORMULA
MMPI-2,TR,F,male,18,120,adult,NON-OFFICIAL-FORMULA
MMPI-2,TR,F,male,19,120,adult,NON-OFFICIAL-FORMULA
MMPI-2,TR,F,male,20,120,adult,NON-OFFICIAL-FORMULA
MMPI-2,TR,F,male,21,120,adult,NON-OFFICIAL-FORMULA
MMPI-2,TR,F,male,22,120,adult,NON-OFFICIAL-FORMULA
MMPI-2,TR,F,male,23,120,adult,NON-OFFICIAL-FORMULA
MMPI-2,TR,F,male,24,120,adult,NON-OFFICIAL-FORMULA
MMPI-2,TR,F,male,25,120,adult,NON-OFFICIAL-FORMULA
MMPI-2,TR,F,male,26,120,adult,NON-OFFICIAL-FORMULA
MMPI-2,TR,F,male,27,120,adult,NON-OFFICIAL-FORMULA
MMPI-2,TR,F,male,28,120,adult,NON-OFFICIAL-FORMULA
MMPI-2,TR,F,male,29,120,adult,NON-OFFICIAL-FORMULA
MMPI-2,TR,F,male,30,120,adult,NON-OFFICIAL-FORMULA
MMPI-2,TR,F,male,31,120,adult,NON-OFFICIAL-FORMULA
MMPI-2,TR,F,male,32,120,adult,NON-OFFICIAL-FORMULA
MMPI-2,TR,F,male,33,120,adult,NON-OFFICIAL-FORMULA
MMPI-2,TR,F,male,34,120,adult,NON-OFFICIAL-FORMULA
MMPI-2,TR,F,male,35,120,adult,NON-OFFICIAL-FORMULA
MMPI-2,TR,F,male,36,120,adult,NON-OFFICIAL-FORMULA
MMPI-2,TR,F,male,37,120,adult,NON-OFFICIAL-FORMULA
MMPI-2,TR,F,male,38,120,adult,NON-OFFICIAL-FORMULA
MMPI-2,TR,F,male,39,120,adult,NON-OFFICIAL-FORMULA
MMPI-2,TR,F,male,40,120,adult,NON-OFFICIAL-FORMULA
MMPI-2,TR,F,female,0,30,adult,NON-OFFICIAL-FORMULA
MMPI-2,TR,F,female,1,30,adult,NON-OFFICIAL-FORMULA
MMPI-2,TR,F,female,2,30,adult,NON-OFFICIAL-FORMULA
MMPI-2,TR,F,female,3,30,adult,NON-OFFICIAL-FORMULA
MMPI-2,TR,F,female,4,40,adult,NON-OFFICIAL-FORMULA
MMPI-2,TR,F,female,5,50,adult,NON-OFFICIAL-FORMULA
MMPI-2,TR,F,female,6,60,adult,NON-OFFICIAL-FORMULA
MMPI-2,TR,F,female,7,70,adult,NON-OFFICIAL-FORMULA
MMPI-2,TR,F,female,8,80,adult,NON-OFFICIAL-FORMULA
MMPI-2,TR,F,female,9,90,adult,NON-OFFICIAL-FORMULA
MMPI-2,TR,F,female,10,100,adult,NON-OFFICIAL-FORMULA
MMPI-2,TR,F,female,11,110,adult,NON-OFFICIAL-FORMULA
MMPI-2,TR,F,female,12,120,adult,NON-OFFICIAL-FORMULA
MMPI-2,TR,F,female,13,120,adult,NON-OFFICIAL-FORMULA
MMPI-2,TR,F,female,14,120,adult,NON-OFFICIAL-FORMULA
MMPI-2,TR,F,female,15,120,adult,NON-OFFICIAL-FORMULA
MMPI-2,TR,F,female,16,120,adult,NON-OFFICIAL-FORMULA
MMPI-2,TR,F,female,17,120,adult,NON-OFFICIAL-FORMULA
MMPI-2,TR,F,female,18,120,adult,NON-OFFICIAL-FORMULA
MMPI-2,TR,F,female,19,120,adult,NON-OFFICIAL-FORMULA
MMPI-2,TR,F,female,20,120,adult,NON-OFFICIAL-FORMULA
MMPI-2,TR,F,female,21,120,adult,NON-OFFICIAL-FORMULA
MMPI-2,TR,F,female,22,120,adult,NON-OFFICIAL-FORMULA
MMPI-2,TR,F,female,23,120,adult,NON-OFFICIAL-FORMULA
MMPI-2,TR,F,female,24,120,adult,NON-OFFICIAL-FORMULA
MMPI-2,TR,F,female,25,120,adult,NON-OFFICIAL-FORMULA
MMPI-2,TR,F,female,26,120,adult,NON-OFFICIAL-FORMULA
MMPI-2,TR,F,female,27,120,adult,NON-OFFICIAL-FORMULA
MMPI-2,TR,F,female,28,120,adult,NON-OFFICIAL-FORMULA
MMPI-2,TR,F,female,29,120,adult,NON-OFFICIAL-FORMULA
MMPI-2,TR,F,female,30,120,adult,NON-OFFICIAL-FORMULA
MMPI-2,TR,F,female,31,120,adult,NON-OFFICIAL-FORMULA
MMPI-2,TR,F,female,32,120,adult,NON-OFFICIAL-FORMULA
MMPI-2,TR,F,female,33,120,adult,NON-OFFICIAL-FORMULA
MMPI-2,TR,F,female,34,120,adult,NON-OFFICIAL-FORMULA
MMPI-2,TR,F,female,35,120,adult,NON-OFFICIAL-FORMULA
MMPI-2,TR,F,female,36,120,adult,NON-OFFICIAL-FORMULA
MMPI-2,TR,F,female,37,120,adult,NON-OFFICIAL-FORMULA
MMPI-2,TR,F,female,38,120,adult,NON-OFFICIAL-FORMULA
MMPI-2,TR,F,female,39,120,adult,NON-OFFICIAL-FORMULA
MMPI-2,TR,F,female,40,120,adult,NON-OFFICIAL-FORMULA
MMPI-2,TR,K,male,0,30,adult,NON-OFFICIAL-FORMULA
MMPI-2,TR,K,male,1,30,adult,NON-OFFICIAL-FORMULA
MMPI-2,TR,K,male,2,30,adult,NON-OFFICIAL-FORMULA
MMPI-2,TR,K,male,3,30,adult,NON-OFFICIAL-FORMULA
MMPI-2,TR,K,male,4,40,adult,NON-OFFICIAL-FORMULA
MMPI-2,TR,K,male,5,50,adult,NON-OFFICIAL-FORMULA
MMPI-2,TR,K,male,6,60,adult,NON-OFFICIAL-FORMULA
MMPI-2,TR,K,male,7,70,adult,NON-OFFICIAL-FORMULA
MMPI-2,TR,K,male,8,80,adult,NON-OFFICIAL-FORMULA
MMPI-2,TR,K,male,9,90,adult,NON-OFFICIAL-FORMULA
MMPI-2,TR,K,male,10,100,adult,NON-OFFICIAL-FORMULA
MMPI-2,TR,K,male,11,110,adult,NON-OFFICIAL-FORMULA
MMPI-2,TR,K,male,12,120,adult,NON-OFFICIAL-FORMULA
MMPI-2,TR,K,male,13,120,adult,NON-OFFICIAL-FORMULA
MMPI-2,TR,K,male,14,120,adult,NON-OFFICIAL-FORMULA
MMPI-2,TR,K,male,15,120,adult,NON-OFFICIAL-FORMULA
MMPI-2,TR,K,male,16,120,adult,NON-OFFICIAL-FORMULA
MMPI-2,TR,K,male,17,120,adult,NON-OFFICIAL-FORMULA
MMPI-2,TR,K,male,18,120,adult,NON-OFFICIAL-FORMULA
MMPI-2,TR,K,male,19,120,adult,NON-OFFICIAL-FORMULA
MMPI-2,TR,K,male,20,120,adult,NON-OFFICIAL-FORMULA
MMPI-2,TR,K,male,21,120,adult,NON-OFFICIAL-FORMULA
MMPI-2,TR,K,male,22,120,adult,NON-OFFICIAL-FORMULA
MMPI-2,TR,K,male,23,120,adult,NON-OFFICIAL-FORMULA
MMPI-2,TR,K,male,24,120,adult,NON-OFFICIAL-FORMULA
MMPI-2,TR,K,male,25,120,adult,NON-OFFICIAL-FORMULA
MMPI-2,TR,K,male,26,120,adult,NON-OFFICIAL-FORMULA
MMPI-2,TR,K,male,27,120,adult,NON-OFFICIAL-FORMULA
MMPI-2,TR,K,male,28,120,adult,NON-OFFICIAL-FORMULA
MMPI-2,TR,K,male,29,120,adult,NON-OFFICIAL-FORMULA
MMPI-2,TR,K,male,30,120,adult,NON-OFFICIAL-FORMULA
MMPI-2,TR,K,male,31,120,adult,NON-OFFICIAL-FORMULA
MMPI-2,TR,K,male,32,120,adult,NON-OFFICIAL-FORMULA
MMPI-2,TR,K,male,33,120,adult,NON-OFFICIAL-FORMULA
MMPI-2,TR,K,male,34,120,adult,NON-OFFICIAL-FORMULA
MMPI-2,TR,K,male,35,120,adult,NON-OFFICIAL-FORMULA
MMPI-2,TR,K,male,36,120,adult,NON-OFFICIAL-FORMULA
MMPI-2,TR,K,male,37,120,adult,NON-OFFICIAL-FORMULA
MMPI-2,TR,K,male,38,120,adult,NON-OFFICIAL-FORMULA
MMPI-2,TR,K,male,39,120,adult,NON-OFFICIAL-FORMULA
MMPI-2,TR,K,male,40,120,adult,NON-OFFICIAL-FORMULA
MMPI-2,TR,K,female,0,30,adult,NON-OFFICIAL-FORMULA
MMPI-2,TR,K,female,1,30,adult,NON-OFFICIAL-FORMULA
MMPI-2,TR,K,female,2,30,adult,NON-OFFICIAL-FORMULA
MMPI-2,TR,K,female,3,30,adult,NON-OFFICIAL-FORMULA
MMPI-2,TR,K,female,4,40,adult,NON-OFFICIAL-FORMULA
MMPI-2,TR,K,female,5,50,adult,NON-OFFICIAL-FORMULA
MMPI-2,TR,K,female,6,60,adult,NON-OFFICIAL-FORMULA
MMPI-2,TR,K,female,7,70,adult,NON-OFFICIAL-FORMULA
MMPI-2,TR,K,female,8,80,adult,NON-OFFICIAL-FORMULA
MMPI-2,TR,K,female,9,90,adult,NON-OFFICIAL-FORMULA
MMPI-2,TR,K,female,10,100,adult,NON-OFFICIAL-FORMULA
MMPI-2,TR,K,female,11,110,adult,NON-OFFICIAL-FORMULA
MMPI-2,TR,K,female,12,120,adult,NON-OFFICIAL-FORMULA
MMPI-2,TR,K,female,13,120,adult,NON-OFFICIAL-FORMULA
MMPI-2,TR,K,female,14,120,adult,NON-OFFICIAL-FORMULA
MMPI-2,TR,K,female,15,120,adult,NON-OFFICIAL-FORMULA
MMPI-2,TR,K,female,16,120,adult,NON-OFFICIAL-FORMULA
MMPI-2,TR,K,female,17,120,adult,NON-OFFICIAL-FORMULA
MMPI-2,TR,K,female,18,120,adult,NON-OFFICIAL-FORMULA
MMPI-2,TR,K,female,19,120,adult,NON-OFFICIAL-FORMULA
MMPI-2,TR,K,female,20,120,adult,NON-OFFICIAL-FORMULA
MMPI-2,TR,K,female,21,120,adult,NON-OFFICIAL-FORMULA
MMPI-2,TR,K,female,22,120,adult,NON-OFFICIAL-FORMULA
MMPI-2,TR,K,female,23,120,adult,NON-OFFICIAL-FORMULA
MMPI-2,TR,K,female,24,120,adult,NON-OFFICIAL-FORMULA
MMPI-2,TR,K,female,25,120,adult,NON-OFFICIAL-FORMULA
MMPI-2,TR,K,female,26,120,adult,NON-OFFICIAL-FORMULA
MMPI-2,TR,K,female,27,120,adult,NON-OFFICIAL-FORMULA
MMPI-2,TR,K,female,28,120,adult,NON-OFFICIAL-FORMULA
MMPI-2,TR,K,female,29,120,adult,NON-OFFICIAL-FORMULA
MMPI-2,TR,K,female,30,120,adult,NON-OFFICIAL-FORMULA
MMPI-2,TR,K,female,31,120,adult,NON-OFFICIAL-FORMULA
MMPI-2,TR,K,female,32,120,adult,NON-OFFICIAL-FORMULA
MMPI-2,TR,K,female,33,120,adult,NON-OFFICIAL-FORMULA
MMPI-2,TR,K,female,34,120,adult,NON-OFFICIAL-FORMULA
MMPI-2,TR,K,female,35,120,adult,NON-OFFICIAL-FORMULA
MMPI-2,TR,K,female,36,120,adult,NON-OFFICIAL-FORMULA
MMPI-2,TR,K,female,37,120,adult,NON-OFFICIAL-FORMULA
MMPI-2,TR,K,female,38,120,adult,NON-OFFICIAL-FORMULA
MMPI-2,TR,K,female,39,120,adult,NON-OFFICIAL-FORMULA
MMPI-2,TR,K,female,40,120,adult,NON-OFFICIAL-FORMULA
MMPI-2,TR,Hs,male,0,30,adult,NON-OFFICIAL-FORMULA
MMPI-2,TR,Hs,male,1,30,adult,NON-OFFICIAL-FORMULA
MMPI-2,TR,Hs,male,2,30,adult,NON-OFFICIAL-FORMULA
MMPI-2,TR,Hs,male,3,30,adult,NON-OFFICIAL-FORMULA
MMPI-2,TR,Hs,male,4,30,adult,NON-OFFICIAL-FORMULA
MMPI-2,TR,Hs,male,5,30,adult,NON-OFFICIAL-FORMULA
MMPI-2,TR,Hs,male,6,32,adult,NON-OFFICIAL-FORMULA
MMPI-2,TR,Hs,male,7,34,adult,NON-OFFICIAL-FORMULA
MMPI-2,TR,Hs,male,8,36,adult,NON-OFFICIAL-FORMULA
MMPI-2,TR,Hs,male,9,38,adult,NON-OFFICIAL-FORMULA
MMPI-2,TR,Hs,male,10,40,adult,NON-OFFICIAL-FORMULA
MMPI-2,TR,Hs,male,11,42,adult,NON-OFFICIAL-FORMULA
MMPI-2,TR,Hs,male,12,44,adult,NON-OFFICIAL-FORMULA
MMPI-2,TR,Hs,male,13,46,adult,NON-OFFICIAL-FORMULA
MMPI-2,TR,Hs,male,14,48,adult,NON-OFFICIAL-FORMULA
MMPI-2,TR,Hs,male,15,50,adult,NON-OFFICIAL-FORMULA
MMPI-2,TR,Hs,male,16,52,adult,NON-OFFICIAL-FORMULA
MMPI-2,TR,Hs,male,17,54,adult,NON-OFFICIAL-FORMULA
MMPI-2,TR,Hs,male,18,56,adult,NON-OFFICIAL-FORMULA
MMPI-2,TR,Hs,male,19,58,adult,NON-OFFICIAL-FORMULA
MMPI-2,TR,Hs,male,20,60,adult,NON-OFFICIAL-FORMULA
MMPI-2,TR,Hs,male,21,62,adult,NON-OFFICIAL-FORMULA
MMPI-2,TR,Hs,male,22,64,adult,NON-OFFICIAL-FORMULA
MMPI-2,TR,Hs,male,23,66,adult,NON-OFFICIAL-FORMULA
MMPI-2,TR,Hs,male,24,68,adult,NON-OFFICIAL-FORMULA
MMPI-2,TR,Hs,male,25,70,adult,NON-OFFICIAL-FORMULA
MMPI-2,TR,Hs,male,26,72,adult,NON-OFFICIAL-FORMULA
MMPI-2,TR,Hs,male,27,74,adult,NON-OFFICIAL-FORMULA
MMPI-2,TR,Hs,male,28,76,adult,NON-OFFICIAL-FORMULA
MMPI-2,TR,Hs,male,29,78,adult,NON-OFFICIAL-FORMULA
MMPI-2,TR,Hs,male,30,80,adult,NON-OFFICIAL-FORMULA
MMPI-2,TR,Hs,male,31,82,adult,NON-OFFICIAL-FORMULA
MMPI-2,TR,Hs,male,32,84,adult,NON-OFFICIAL-FORMULA
MMPI-2,TR,Hs,male,33,86,adult,NON-OFFICIAL-FORMULA
MMPI-2,TR,Hs,female,0,30,adult,NON-OFFICIAL-FORMULA
MMPI-2,TR,Hs,female,1,30,adult,NON-OFFICIAL-FORMULA
MMPI-2,TR,Hs,female,2,30,adult,NON-OFFICIAL-FORMULA
MMPI-2,TR,Hs,female,3,30,adult,NON-OFFICIAL-FORMULA
MMPI-2,TR,Hs,female,4,30,adult,NON-OFFICIAL-FORMULA
MMPI-2,TR,Hs,female,5,30,adult,NON-OFFICIAL-FORMULA
MMPI-2,TR,Hs,female,6,32,adult,NON-OFFICIAL-FORMULA
MMPI-2,TR,Hs,female,7,34,adult,NON-OFFICIAL-FORMULA
MMPI-2,TR,Hs,female,8,36,adult,NON-OFFICIAL-FORMULA
MMPI-2,TR,Hs,female,9,38,adult,NON-OFFICIAL-FORMULA
MMPI-2,TR,Hs,female,10,40,adult,NON-OFFICIAL-FORMULA
MMPI-2,TR,Hs,female,11,42,adult,NON-OFFICIAL-FORMULA
MMPI-2,TR,Hs,female,12,44,adult,NON-OFFICIAL-FORMULA
MMPI-2,TR,Hs,female,13,46,adult,NON-OFFICIAL-FORMULA
MMPI-2,TR,Hs,female,14,48,adult,NON-OFFICIAL-FORMULA
MMPI-2,TR,Hs,female,15,50,adult,NON-OFFICIAL-FORMULA
MMPI-2,TR,Hs,female,16,52,adult,NON-OFFICIAL-FORMULA
MMPI-2,TR,Hs,female,17,54,adult,NON-OFFICIAL-FORMULA
MMPI-2,TR,Hs,female,18,56,adult,NON-OFFICIAL-FORMULA
MMPI-2,TR,Hs,female,19,58,adult,NON-OFFICIAL-FORMULA
MMPI-2,TR,Hs,female,20,60,adult,NON-OFFICIAL-FORMULA
MMPI-2,TR,Hs,female,21,62,adult,NON-OFFICIAL-FORMULA
MMPI-2,TR,Hs,female,22,64,adult,NON-OFFICIAL-FORMULA
MMPI-2,TR,Hs,female,23,66,adult,NON-OFFICIAL-FORMULA
MMPI-2,TR,Hs,female,24,68,adult,NON-OFFICIAL-FORMULA
MMPI-2,TR,Hs,female,25,70,adult,NON-OFFICIAL-FORMULA
MMPI-2,TR,Hs,female,26,72,adult,NON-OFFICIAL-FORMULA
MMPI-2,TR,Hs,female,27,74,adult,NON-OFFICIAL-FORMULA
MMPI-2,TR,Hs,female,28,76,adult,NON-OFFICIAL-FORMULA
MMPI-2,TR,Hs,female,29,78,adult,NON-OFFICIAL-FORMULA
MMPI-2,TR,Hs,female,30,80,adult,NON-OFFICIAL-FORMULA
MMPI-2,TR,Hs,female,31,82,adult,NON-OFFICIAL-FORMULA
MMPI-2,TR,Hs,female,32,84,adult,NON-OFFICIAL-FORMULA
MMPI-2,TR,Hs,female,33,86,adult,NON-OFFICIAL-FORMULA
MMPI-2,TR,D,male,0,30,adult,NON-OFFICIAL-FORMULA
MMPI-2,TR,D,male,1,30,adult,NON-OFFICIAL-FORMULA
MMPI-2,TR,D,male,2,30,adult,NON-OFFICIAL-FORMULA
MMPI-2,TR,D,male,3,30,adult,NON-OFFICIAL-FORMULA
MMPI-2,TR,D,male,4,30,adult,NON-OFFICIAL-FORMULA
MMPI-2,TR,D,male,5,30,adult,NON-OFFICIAL-FORMULA
MMPI-2,TR,D,male,6,32,adult,NON-OFFICIAL-FORMULA
MMPI-2,TR,D,male,7,34,adult,NON-OFFICIAL-FORMULA
MMPI-2,TR,D,male,8,36,adult,NON-OFFICIAL-FORMULA
MMPI-2,TR,D,male,9,38,adult,NON-OFFICIAL-FORMULA
MMPI-2,TR,D,male,10,40,adult,NON-OFFICIAL-FORMULA
MMPI-2,TR,D,male,11,42,adult,NON-OFFICIAL-FORMULA
MMPI-2,TR,D,male,12,44,adult,NON-OFFICIAL-FORMULA
MMPI-2,TR,D,male,13,46,adult,NON-OFFICIAL-FORMULA
MMPI-2,TR,D,male,14,48,adult,NON-OFFICIAL-FORMULA
MMPI-2,TR,D,male,15,50,adult,NON-OFFICIAL-FORMULA
MMPI-2,TR,D,male,16,52,adult,NON-OFFICIAL-FORMULA
MMPI-2,TR,D,male,17,54,adult,NON-OFFICIAL-FORMULA
MMPI-2,TR,D,male,18,56,adult,NON-OFFICIAL-FORMULA
MMPI-2,TR,D,male,19,58,adult,NON-OFFICIAL-FORMULA
MMPI-2,TR,D,male,20,60,adult,NON-OFFICIAL-FORMULA
MMPI-2,TR,D,male,21,62,adult,NON-OFFICIAL-FORMULA
MMPI-2,TR,D,male,22,64,adult,NON-OFFICIAL-FORMULA
MMPI-2,TR,D,male,23,66,adult,NON-OFFICIAL-FORMULA
MMPI-2,TR,D,male,24,68,adult,NON-OFFICIAL-FORMULA
MMPI-2,TR,D,male,25,70,adult,NON-OFFICIAL-FORMULA
MMPI-2,TR,D,male,26,72,adult,NON-OFFICIAL-FORMULA
MMPI-2,TR,D,male,27,74,adult,NON-OFFICIAL-FORMULA
MMPI-2,TR,D,male,28,76,adult,NON-OFFICIAL-FORMULA
MMPI-2,TR,D,male,29,78,adult,NON-OFFICIAL-FORMULA
MMPI-2,TR,D,male,30,80,adult,NON-OFFICIAL-FORMULA
MMPI-2,TR,D,male,31,82,adult,NON-OFFICIAL-FORMULA
MMPI-2,TR,D,male,32,84,adult,NON-OFFICIAL-FORMULA
MMPI-2,TR,D,male,33,86,adult,NON-OFFICIAL-FORMULA
MMPI-2,TR,D,male,34,88,adult,NON-OFFICIAL-FORMULA
MMPI-2,TR,D,male,35,90,adult,NON-OFFICIAL-FORMULA
MMPI-2,TR,D,male,36,92,adult,NON-OFFICIAL-FORMULA
MMPI-2,TR,D,male,37,94,adult,NON-OFFICIAL-FORMULA
MMPI-2,TR,D,male,38,96,adult,NON-OFFICIAL-FORMULA
MMPI-2,TR,D,male,39,98,adult,NON-OFFICIAL-FORMULA
MMPI-2,TR,D,male,40,100,adult,NON-OFFICIAL-FORMULA
MMPI-2,TR,D,male,41,102,adult,NON-OFFICIAL-FORMULA
MMPI-2,TR,D,male,42,104,adult,NON-OFFICIAL-FORMULA
MMPI-2,TR,D,male,43,106,adult,NON-OFFICIAL-FORMULA
MMPI-2,TR,D,male,44,108,adult,NON-OFFICIAL-FORMULA
MMPI-2,TR,D,male,45,110,adult,NON-OFFICIAL-FORMULA
MMPI-2,TR,D,male,46,112,adult,NON-OFFICIAL-FORMULA
MMPI-2,TR,D,male,47,114,adult,NON-OFFICIAL-FORMULA
MMPI-2,TR,D,male,48,116,adult,NON-OFFICIAL-FORMULA
MMPI-2,TR,D,male,49,118,adult,NON-OFFICIAL-FORMULA
MMPI-2,TR,D,male,50,120,adult,NON-OFFICIAL-FORMULA
MMPI-2,TR,D,male,51,120,adult,NON-OFFICIAL-FORMULA
MMPI-2,TR,D,male,52,120,adult,NON-OFFICIAL-FORMULA
MMPI-2,TR,D,male,53,120,adult,NON-OFFICIAL-FORMULA
MMPI-2,TR,D,male,54,120,adult,NON-OFFICIAL-FORMULA
MMPI-2,TR,D,male,55,120,adult,NON-OFFICIAL-FORMULA
MMPI-2,TR,D,male,56,120,adult,NON-OFFICIAL-FORMULA
MMPI-2,TR,D,male,57,120,adult,NON-OFFICIAL-FORMULA
MMPI-2,TR,D,male,58,120,adult,NON-OFFICIAL-FORMULA
MMPI-2,TR,D,male,59,120,adult,NON-OFFICIAL-FORMULA
MMPI-2,TR,D,male,60,120,adult,NON-OFFICIAL-FORMULA
MMPI-2,TR,D,female,0,30,adult,NON-OFFICIAL-FORMULA
MMPI-2,TR,D,female,1,30,adult,NON-OFFICIAL-FORMULA
MMPI-2,TR,D,female,2,30,adult,NON-OFFICIAL-FORMULA
MMPI-2,TR,D,female,3,30,adult,NON-OFFICIAL-FORMULA
MMPI-2,TR,D,female,4,30,adult,NON-OFFICIAL-FORMULA
MMPI-2,TR,D,female,5,30,adult,NON-OFFICIAL-FORMULA
MMPI-2,TR,D,female,6,32,adult,NON-OFFICIAL-FORMULA
MMPI-2,TR,D,female,7,34,adult,NON-OFFICIAL-FORMULA
MMPI-2,TR,D,female,8,36,adult,NON-OFFICIAL-FORMULA
MMPI-2,TR,D,female,9,38,adult,NON-OFFICIAL-FORMULA
MMPI-2,TR,D,female,10,40,adult,NON-OFFICIAL-FORMULA
MMPI-2,TR,D,female,11,42,adult,NON-OFFICIAL-FORMULA
MMPI-2,TR,D,female,12,44,adult,NON-OFFICIAL-FORMULA
MMPI-2,TR,D,female,13,46,adult,NON-OFFICIAL-FORMULA
MMPI-2,TR,D,female,14,48,adult,NON-OFFICIAL-FORMULA
MMPI-2,TR,D,female,15,50,adult,NON-OFFICIAL-FORMULA
MMPI-2,TR,D,female,16,52,adult,NON-OFFICIAL-FORMULA
MMPI-2,TR,D,female,17,54,adult,NON-OFFICIAL-FORMULA
MMPI-2,TR,D,female,18,56,adult,NON-OFFICIAL-FORMULA
MMPI-2,TR,D,female,19,58,adult,NON-OFFICIAL-FORMULA
MMPI-2,TR,D,female,20,60,adult,NON-OFFICIAL-FORMULA
MMPI-2,TR,D,female,21,62,adult,NON-OFFICIAL-FORMULA
MMPI-2,TR,D,female,22,64,adult,NON-OFFICIAL-FORMULA
MMPI-2,TR,D,female,23,66,adult,NON-OFFICIAL-FORMULA
MMPI-2,TR,D,female,24,68,adult,NON-OFFICIAL-FORMULA
MMPI-2,TR,D,female,25,70,adult,NON-OFFICIAL-FORMULA
MMPI-2,TR,D,female,26,72,adult,NON-OFFICIAL-FORMULA
MMPI-2,TR,D,female,27,74,adult,NON-OFFICIAL-FORMULA
MMPI-2,TR,D,female,28,76,adult,NON-OFFICIAL-FORMULA
MMPI-2,TR,D,female,29,78,adult,NON-OFFICIAL-FORMULA
MMPI-2,TR,D,female,30,80,adult,NON-OFFICIAL-FORMULA
MMPI-2,TR,D,female,31,82,adult,NON-OFFICIAL-FORMULA
MMPI-2,TR,D,female,32,84,adult,NON-OFFICIAL-FORMULA
MMPI-2,TR,D,female,33,86,adult,NON-OFFICIAL-FORMULA
MMPI-2,TR,D,female,34,88,adult,NON-OFFICIAL-FORMULA
MMPI-2,TR,D,female,35,90,adult,NON-OFFICIAL-FORMULA
MMPI-2,TR,D,female,36,92,adult,NON-OFFICIAL-FORMULA
MMPI-2,TR,D,female,37,94,adult,NON-OFFICIAL-FORMULA
MMPI-2,TR,D,female,38,96,adult,NON-OFFICIAL-FORMULA
MMPI-2,TR,D,female,39,98,adult,NON-OFFICIAL-FORMULA
MMPI-2,TR,D,female,40,100,adult,NON-OFFICIAL-FORMULA
MMPI-2,TR,D,female,41,102,adult,NON-OFFICIAL-FORMULA
MMPI-2,TR,D,female,42,104,adult,NON-OFFICIAL-FORMULA
MMPI-2,TR,D,female,43,106,adult,NON-OFFICIAL-FORMULA
MMPI-2,TR,D,female,44,108,adult,NON-OFFICIAL-FORMULA
MMPI-2,TR,D,female,45,110,adult,NON-OFFICIAL-FORMULA
MMPI-2,TR,D,female,46,112,adult,NON-OFFICIAL-FORMULA
MMPI-2,TR,D,female,47,114,adult,NON-OFFICIAL-FORMULA
MMPI-2,TR,D,female,48,116,adult,NON-OFFICIAL-FORMULA
MMPI-2,TR,D,female,49,118,adult,NON-OFFICIAL-FORMULA
MMPI-2,TR,D,female,50,120,adult,NON-OFFICIAL-FORMULA
MMPI-2,TR,D,female,51,120,adult,NON-OFFICIAL-FORMULA
MMPI-2,TR,D,female,52,120,adult,NON-OFFICIAL-FORMULA
MMPI-2,TR,D,female,53,120,adult,NON-OFFICIAL-FORMULA
MMPI-2,TR,D,female,54,120,adult,NON-OFFICIAL-FORMULA
MMPI-2,TR,D,female,55,120,adult,NON-OFFICIAL-FORMULA
MMPI-2,TR,D,female,56,120,adult,NON-OFFICIAL-FORMULA
MMPI-2,TR,D,female,57,120,adult,NON-OFFICIAL-FORMULA
MMPI-2,TR,D,female,58,120,adult,NON-OFFICIAL-FORMULA
MMPI-2,TR,D,female,59,120,adult,NON-OFFICIAL-FORMULA
MMPI-2,TR,D,female,60,120,adult,NON-OFFICIAL-FORMULA
MMPI-2,TR,Hy,male,0,30,adult,NON-OFFICIAL-FORMULA
MMPI-2,TR,Hy,male,1,30,adult,NON-OFFICIAL-FORMULA
MMPI-2,TR,Hy,male,2,30,adult,NON-OFFICIAL-FORMULA
MMPI-2,TR,Hy,male,3,30,adult,NON-OFFICIAL-FORMULA
MMPI-2,TR,Hy,male,4,30,adult,NON-OFFICIAL-FORMULA
MMPI-2,TR,Hy,male,5,30,adult,NON-OFFICIAL-FORMULA
MMPI-2,TR,Hy,male,6,32,adult,NON-OFFICIAL-FORMULA
MMPI-2,TR,Hy,male,7,34,adult,NON-OFFICIAL-FORMULA
MMPI-2,TR,Hy,male,8,36,adult,NON-OFFICIAL-FORMULA
MMPI-2,TR,Hy,male,9,38,adult,NON-OFFICIAL-FORMULA
MMPI-2,TR,Hy,male,10,40,adult,NON-OFFICIAL-FORMULA
MMPI-2,TR,Hy,male,11,42,adult,NON-OFFICIAL-FORMULA
MMPI-2,TR,Hy,male,12,44,adult,NON-OFFICIAL-FORMULA
MMPI-2,TR,Hy,male,13,46,adult,NON-OFFICIAL-FORMULA
MMPI-2,TR,Hy,male,14,48,adult,NON-OFFICIAL-FORMULA
MMPI-2,TR,Hy,male,15,50,adult,NON-OFFICIAL-FORMULA
MMPI-2,TR,Hy,male,16,52,adult,NON-OFFICIAL-FORMULA
MMPI-2,TR,Hy,male,17,54,adult,NON-OFFICIAL-FORMULA
MMPI-2,TR,Hy,male,18,56,adult,NON-OFFICIAL-FORMULA
MMPI-2,TR,Hy,male,19,58,adult,NON-OFFICIAL-FORMULA
MMPI-2,TR,Hy,male,20,60,adult,NON-OFFICIAL-FORMULA
MMPI-2,TR,Hy,male,21,62,adult,NON-OFFICIAL-FORMULA
MMPI-2,TR,Hy,male,22,64,adult,NON-OFFICIAL-FORMULA
MMPI-2,TR,Hy,male,23,66,adult,NON-OFFICIAL-FORMULA
MMPI-2,TR,Hy,male,24,68,adult,NON-OFFICIAL-FORMULA
MMPI-2,TR,Hy,male,25,70,adult,NON-OFFICIAL-FORMULA
MMPI-2,TR,Hy,male,26,72,adult,NON-OFFICIAL-FORMULA
MMPI-2,TR,Hy,male,27,74,adult,NON-OFFICIAL-FORMULA
MMPI-2,TR,Hy,male,28,76,adult,NON-OFFICIAL-FORMULA
MMPI-2,TR,Hy,male,29,78,adult,NON-OFFICIAL-FORMULA
MMPI-2,TR,Hy,male,30,80,adult,NON-OFFICIAL-FORMULA
MMPI-2,TR,Hy,male,31,82,adult,NON-OFFICIAL-FORMULA
MMPI-2,TR,Hy,male,32,84,adult,NON-OFFICIAL-FORMULA
MMPI-2,TR,Hy,male,33,86,adult,NON-OFFICIAL-FORMULA
MMPI-2,TR,Hy,male,34,88,adult,NON-OFFICIAL-FORMULA
MMPI-2,TR,Hy,male,35,90,adult,NON-OFFICIAL-FORMULA
MMPI-2,TR,Hy,male,36,92,adult,NON-OFFICIAL-FORMULA
MMPI-2,TR,Hy,male,37,94,adult,NON-OFFICIAL-FORMULA
MMPI-2,TR,Hy,male,38,96,adult,NON-OFFICIAL-FORMULA
MMPI-2,TR,Hy,male,39,98,adult,NON-OFFICIAL-FORMULA
MMPI-2,TR,Hy,male,40,100,adult,NON-OFFICIAL-FORMULA
MMPI-2,TR,Hy,male,41,102,adult,NON-OFFICIAL-FORMULA
MMPI-2,TR,Hy,male,42,104,adult,NON-OFFICIAL-FORMULA
MMPI-2,TR,Hy,male,43,106,adult,NON-OFFICIAL-FORMULA
MMPI-2,TR,Hy,male,44,108,adult,NON-OFFICIAL-FORMULA
MMPI-2,TR,Hy,male,45,110,adult,NON-OFFICIAL-FORMULA
MMPI-2,TR,Hy,male,46,112,adult,NON-OFFICIAL-FORMULA
MMPI-2,TR,Hy,male,47,114,adult,NON-OFFICIAL-FORMULA
MMPI-2,TR,Hy,male,48,116,adult,NON-OFFICIAL-FORMULA
MMPI-2,TR,Hy,male,49,118,adult,NON-OFFICIAL-FORMULA
MMPI-2,TR,Hy,male,50,120,adult,NON-OFFICIAL-FORMULA
MMPI-2,TR,Hy,male,51,120,adult,NON-OFFICIAL-FORMULA
MMPI-2,TR,Hy,male,52,120,adult,NON-OFFICIAL-FORMULA
MMPI-2,TR,Hy,male,53,120,adult,NON-OFFICIAL-FORMULA
MMPI-2,TR,Hy,male,54,120,adult,NON-OFFICIAL-FORMULA
MMPI-2,TR,Hy,male,55,120,adult,NON-OFFICIAL-FORMULA
MMPI-2,TR,Hy,male,56,120,adult,NON-OFFICIAL-FORMULA
MMPI-2,TR,Hy,male,57,120,adult,NON-OFFICIAL-FORMULA
MMPI-2,TR,Hy,male,58,120,adult,NON-OFFICIAL-FORMULA
MMPI-2,TR,Hy,male,59,120,adult,NON-OFFICIAL-FORMULA
MMPI-2,TR,Hy,male,60,120,adult,NON-OFFICIAL-FORMULA
MMPI-2,TR,Hy,female,0,30,adult,NON-OFFICIAL-FORMULA
MMPI-2,TR,Hy,female,1,30,adult,NON-OFFICIAL-FORMULA
MMPI-2,TR,Hy,female,2,30,adult,NON-OFFICIAL-FORMULA
MMPI-2,TR,Hy,female,3,30,adult,NON-OFFICIAL-FORMULA
MMPI-2,TR,Hy,female,4,30,adult,NON-OFFICIAL-FORMULA
MMPI-2,TR,Hy,female,5,30,adult,NON-OFFICIAL-FORMULA
MMPI-2,TR,Hy,female,6,32,adult,NON-OFFICIAL-FORMULA
MMPI-2,TR,Hy,female,7,34,adult,NON-OFFICIAL-FORMULA
MMPI-2,TR,Hy,female,8,36,adult,NON-OFFICIAL-FORMULA
MMPI-2,TR,Hy,female,9,38,adult,NON-OFFICIAL-FORMULA
MMPI-2,TR,Hy,female,10,40,adult,NON-OFFICIAL-FORMULA
MMPI-2,TR,Hy,female,11,42,adult,NON-OFFICIAL-FORMULA
MMPI-2,TR,Hy,female,12,44,adult,NON-OFFICIAL-FORMULA
MMPI-2,TR,Hy,female,13,46,adult,NON-OFFICIAL-FORMULA
MMPI-2,TR,Hy,female,14,48,adult,NON-OFFICIAL-FORMULA
MMPI-2,TR,Hy,female,15,50,adult,NON-OFFICIAL-FORMULA
MMPI-2,TR,Hy,female,16,52,adult,NON-OFFICIAL-FORMULA
MMPI-2,TR,Hy,female,17,54,adult,NON-OFFICIAL-FORMULA
MMPI-2,TR,Hy,female,18,56,adult,NON-OFFICIAL-FORMULA
MMPI-2,TR,Hy,female,19,58,adult,NON-OFFICIAL-FORMULA
MMPI-2,TR,Hy,female,20,60,adult,NON-OFFICIAL-FORMULA
MMPI-2,TR,Hy,female,21,62,adult,NON-OFFICIAL-FORMULA
MMPI-2,TR,Hy,female,22,64,adult,NON-OFFICIAL-FORMULA
MMPI-2,TR,Hy,female,23,66,adult,NON-OFFICIAL-FORMULA
MMPI-2,TR,Hy,female,24,68,adult,NON-OFFICIAL-FORMULA
MMPI-2,TR,Hy,female,25,70,adult,NON-OFFICIAL-FORMULA
MMPI-2,TR,Hy,female,26,72,adult,NON-OFFICIAL-FORMULA
MMPI-2,TR,Hy,female,27,74,adult,NON-OFFICIAL-FORMULA
MMPI-2,TR,Hy,female,28,76,adult,NON-OFFICIAL-FORMULA
MMPI-2,TR,Hy,female,29,78,adult,NON-OFFICIAL-FORMULA
MMPI-2,TR,Hy,female,30,80,adult,NON-OFFICIAL-FORMULA
MMPI-2,TR,Hy,female,31,82,adult,NON-OFFICIAL-FORMULA
MMPI-2,TR,Hy,female,32,84,adult,NON-OFFICIAL-FORMULA
MMPI-2,TR,Hy,female,33,86,adult,NON-OFFICIAL-FORMULA
MMPI-2,TR,Hy,female,34,88,adult,NON-OFFICIAL-FORMULA
MMPI-2,TR,Hy,female,35,90,adult,NON-OFFICIAL-FORMULA
MMPI-2,TR,Hy,female,36,92,adult,NON-OFFICIAL-FORMULA
MMPI-2,TR,Hy,female,37,94,adult,NON-OFFICIAL-FORMULA
MMPI-2,TR,Hy,female,38,96,adult,NON-OFFICIAL-FORMULA
MMPI-2,TR,Hy,female,39,98,adult,NON-OFFICIAL-FORMULA
MMPI-2,TR,Hy,female,40,100,adult,NON-OFFICIAL-FORMULA
MMPI-2,TR,Hy,female,41,102,adult,NON-OFFICIAL-FORMULA
MMPI-2,TR,Hy,female,42,104,adult,NON-OFFICIAL-FORMULA
MMPI-2,TR,Hy,female,43,106,adult,NON-OFFICIAL-FORMULA
MMPI-2,TR,Hy,female,44,108,adult,NON-OFFICIAL-FORMULA
MMPI-2,TR,Hy,female,45,110,adult,NON-OFFICIAL-FORMULA
MMPI-2,TR,Hy,female,46,112,adult,NON-OFFICIAL-FORMULA
MMPI-2,TR,Hy,female,47,114,adult,NON-OFFICIAL-FORMULA
MMPI-2,TR,Hy,female,48,116,adult,NON-OFFICIAL-FORMULA
MMPI-2,TR,Hy,female,49,118,adult,NON-OFFICIAL-FORMULA
MMPI-2,TR,Hy,female,50,120,adult,NON-OFFICIAL-FORMULA
MMPI-2,TR,Hy,female,51,120,adult,NON-OFFICIAL-FORMULA
MMPI-2,TR,Hy,female,52,120,adult,NON-OFFICIAL-FORMULA
MMPI-2,TR,Hy,female,53,120,adult,NON-OFFICIAL-FORMULA
MMPI-2,TR,Hy,female,54,120,adult,NON-OFFICIAL-FORMULA
MMPI-2,TR,Hy,female,55,120,adult,NON-OFFICIAL-FORMULA
MMPI-2,TR,Hy,female,56,120,adult,NON-OFFICIAL-FORMULA
MMPI-2,TR,Hy,female,57,120,adult,NON-OFFICIAL-FORMULA
MMPI-2,TR,Hy,female,58,120,adult,NON-OFFICIAL-FORMULA
MMPI-2,TR,Hy,female,59,120,adult,NON-OFFICIAL-FORMULA
MMPI-2,TR,Hy,female,60,120,adult,NON-OFFICIAL-FORMULA
MMPI-2,TR,Pd,male,0,30,adult,NON-OFFICIAL-FORMULA
MMPI-2,TR,Pd,male,1,30,adult,NON-OFFICIAL-FORMULA
MMPI-2,TR,Pd,male,2,30,adult,NON-OFFICIAL-FORMULA
MMPI-2,TR,Pd,male,3,30,adult,NON-OFFICIAL-FORMULA
MMPI-2,TR,Pd,male,4,30,adult,NON-OFFICIAL-FORMULA
MMPI-2,TR,Pd,male,5,30,adult,NON-OFFICIAL-FORMULA
MMPI-2,TR,Pd,male,6,32,adult,NON-OFFICIAL-FORMULA
MMPI-2,TR,Pd,male,7,34,adult,NON-OFFICIAL-FORMULA
MMPI-2,TR,Pd,male,8,36,adult,NON-OFFICIAL-FORMULA
MMPI-2,TR,Pd,male,9,38,adult,NON-OFFICIAL-FORMULA
MMPI-2,TR,Pd,male,10,40,adult,NON-OFFICIAL-FORMULA
MMPI-2,TR,Pd,male,11,42,adult,NON-OFFICIAL-FORMULA
MMPI-2,TR,Pd,male,12,44,adult,NON-OFFICIAL-FORMULA
MMPI-2,TR,Pd,male,13,46,adult,NON-OFFICIAL-FORMULA
MMPI-2,TR,Pd,male,14,48,adult,NON-OFFICIAL-FORMULA
MMPI-2,TR,Pd,male,15,50,adult,NON-OFFICIAL-FORMULA
MMPI-2,TR,Pd,male,16,52,adult,NON-OFFICIAL-FORMULA
MMPI-2,TR,Pd,male,17,54,adult,NON-OFFICIAL-FORMULA
MMPI-2,TR,Pd,male,18,56,adult,NON-OFFICIAL-FORMULA
MMPI-2,TR,Pd,male,19,58,adult,NON-OFFICIAL-FORMULA
MMPI-2,TR,Pd,male,20,60,adult,NON-OFFICIAL-FORMULA
MMPI-2,TR,Pd,male,21,62,adult,NON-OFFICIAL-FORMULA
MMPI-2,TR,Pd,male,22,64,adult,NON-OFFICIAL-FORMULA
MMPI-2,TR,Pd,male,23,66,adult,NON-OFFICIAL-FORMULA
MMPI-2,TR,Pd,male,24,68,adult,NON-OFFICIAL-FORMULA
MMPI-2,TR,Pd,male,25,70,adult,NON-OFFICIAL-FORMULA
MMPI-2,TR,Pd,male,26,72,adult,NON-OFFICIAL-FORMULA
MMPI-2,TR,Pd,male,27,74,adult,NON-OFFICIAL-FORMULA
MMPI-2,TR,Pd,male,28,76,adult,NON-OFFICIAL-FORMULA
MMPI-2,TR,Pd,male,29,78,adult,NON-OFFICIAL-FORMULA
MMPI-2,TR,Pd,male,30,80,adult,NON-OFFICIAL-FORMULA
MMPI-2,TR,Pd,male,31,82,adult,NON-OFFICIAL-FORMULA
MMPI-2,TR,Pd,male,32,84,adult,NON-OFFICIAL-FORMULA
MMPI-2,TR,Pd,male,33,86,adult,NON-OFFICIAL-FORMULA
MMPI-2,TR,Pd,male,34,88,adult,NON-OFFICIAL-FORMULA
MMPI-2,TR,Pd,male,35,90,adult,NON-OFFICIAL-FORMULA
MMPI-2,TR,Pd,male,36,92,adult,NON-OFFICIAL-FORMULA
MMPI-2,TR,Pd,male,37,94,adult,NON-OFFICIAL-FORMULA
MMPI-2,TR,Pd,male,38,96,adult,NON-OFFICIAL-FORMULA
MMPI-2,TR,Pd,male,39,98,adult,NON-OFFICIAL-FORMULA
MMPI-2,TR,Pd,male,40,100,adult,NON-OFFICIAL-FORMULA
MMPI-2,TR,Pd,male,41,102,adult,NON-OFFICIAL-FORMULA
MMPI-2,TR,Pd,male,42,104,adult,NON-OFFICIAL-FORMULA
MMPI-2,TR,Pd,male,43,106,adult,NON-OFFICIAL-FORMULA
MMPI-2,TR,Pd,male,44,108,adult,NON-OFFICIAL-FORMULA
MMPI-2,TR,Pd,male,45,110,adult,NON-OFFICIAL-FORMULA
MMPI-2,TR,Pd,male,46,112,adult,NON-OFFICIAL-FORMULA
MMPI-2,TR,Pd,male,47,114,adult,NON-OFFICIAL-FORMULA
MMPI-2,TR,Pd,male,48,116,adult,NON-OFFICIAL-FORMULA
MMPI-2,TR,Pd,male,49,118,adult,NON-OFFICIAL-FORMULA
MMPI-2,TR,Pd,male,50,120,adult,NON-OFFICIAL-FORMULA
MMPI-2,TR,Pd,female,0,30,adult,NON-OFFICIAL-FORMULA
MMPI-2,TR,Pd,female,1,30,adult,NON-OFFICIAL-FORMULA
MMPI-2,TR,Pd,female,2,30,adult,NON-OFFICIAL-FORMULA
MMPI-2,TR,Pd,female,3,30,adult,NON-OFFICIAL-FORMULA
MMPI-2,TR,Pd,female,4,30,adult,NON-OFFICIAL-FORMULA
MMPI-2,TR,Pd,female,5,30,adult,NON-OFFICIAL-FORMULA
MMPI-2,TR,Pd,female,6,32,adult,NON-OFFICIAL-FORMULA
MMPI-2,TR,Pd,female,7,34,adult,NON-OFFICIAL-FORMULA
MMPI-2,TR,Pd,female,8,36,adult,NON-OFFICIAL-FORMULA
MMPI-2,TR,Pd,female,9,38,adult,NON-OFFICIAL-FORMULA
MMPI-2,TR,Pd,female,10,40,adult,NON-OFFICIAL-FORMULA
MMPI-2,TR,Pd,female,11,42,adult,NON-OFFICIAL-FORMULA
MMPI-2,TR,Pd,female,12,44,adult,NON-OFFICIAL-FORMULA
MMPI-2,TR,Pd,female,13,46,adult,NON-OFFICIAL-FORMULA
MMPI-2,TR,Pd,female,14,48,adult,NON-OFFICIAL-FORMULA
MMPI-2,TR,Pd,female,15,50,adult,NON-OFFICIAL-FORMULA
MMPI-2,TR,Pd,female,16,52,adult,NON-OFFICIAL-FORMULA
MMPI-2,TR,Pd,female,17,54,adult,NON-OFFICIAL-FORMULA
MMPI-2,TR,Pd,female,18,56,adult,NON-OFFICIAL-FORMULA
MMPI-2,TR,Pd,female,19,58,adult,NON-OFFICIAL-FORMULA
MMPI-2,TR,Pd,female,20,60,adult,NON-OFFICIAL-FORMULA
MMPI-2,TR,Pd,female,21,62,adult,NON-OFFICIAL-FORMULA
MMPI-2,TR,Pd,female,22,64,adult,NON-OFFICIAL-FORMULA
MMPI-2,TR,Pd,female,23,66,adult,NON-OFFICIAL-FORMULA
MMPI-2,TR,Pd,female,24,68,adult,NON-OFFICIAL-FORMULA
MMPI-2,TR,Pd,female,25,70,adult,NON-OFFICIAL-FORMULA
MMPI-2,TR,Pd,female,26,72,adult,NON-OFFICIAL-FORMULA
MMPI-2,TR,Pd,female,27,74,adult,NON-OFFICIAL-FORMULA
MMPI-2,TR,Pd,female,28,76,adult,NON-OFFICIAL-FORMULA
MMPI-2,TR,Pd,female,29,78,adult,NON-OFFICIAL-FORMULA
MMPI-2,TR,Pd,female,30,80,adult,NON-OFFICIAL-FORMULA
MMPI-2,TR,Pd,female,31,82,adult,NON-OFFICIAL-FORMULA
MMPI-2,TR,Pd,female,32,84,adult,NON-OFFICIAL-FORMULA
MMPI-2,TR,Pd,female,33,86,adult,NON-OFFICIAL-FORMULA
MMPI-2,TR,Pd,female,34,88,adult,NON-OFFICIAL-FORMULA
MMPI-2,TR,Pd,female,35,90,adult,NON-OFFICIAL-FORMULA
MMPI-2,TR,Pd,female,36,92,adult,NON-OFFICIAL-FORMULA
MMPI-2,TR,Pd,female,37,94,adult,NON-OFFICIAL-FORMULA
MMPI-2,TR,Pd,female,38,96,adult,NON-OFFICIAL-FORMULA
MMPI-2,TR,Pd,female,39,98,adult,NON-OFFICIAL-FORMULA
MMPI-2,TR,Pd,female,40,100,adult,NON-OFFICIAL-FORMULA
MMPI-2,TR,Pd,female,41,102,adult,NON-OFFICIAL-FORMULA
MMPI-2,TR,Pd,female,42,104,adult,NON-OFFICIAL-FORMULA
MMPI-2,TR,Pd,female,43,106,adult,NON-OFFICIAL-FORMULA
MMPI-2,TR,Pd,female,44,108,adult,NON-OFFICIAL-FORMULA
MMPI-2,TR,Pd,female,45,110,adult,NON-OFFICIAL-FORMULA
MMPI-2,TR,Pd,female,46,112,adult,NON-OFFICIAL-FORMULA
MMPI-2,TR,Pd,female,47,114,adult,NON-OFFICIAL-FORMULA
MMPI-2,TR,Pd,female,48,116,adult,NON-OFFICIAL-FORMULA
MMPI-2,TR,Pd,female,49,118,adult,NON-OFFICIAL-FORMULA
MMPI-2,TR,Pd,female,50,120,adult,NON-OFFICIAL-FORMULA
MMPI-2,TR,Mf,male,0,30,adult,NON-OFFICIAL-FORMULA
MMPI-2,TR,Mf,male,1,30,adult,NON-OFFICIAL-FORMULA
MMPI-2,TR,Mf,male,2,30,adult,NON-OFFICIAL-FORMULA
MMPI-2,TR,Mf,male,3,30,adult,NON-OFFICIAL-FORMULA
MMPI-2,TR,Mf,male,4,30,adult,NON-OFFICIAL-FORMULA
MMPI-2,TR,Mf,male,5,30,adult,NON-OFFICIAL-FORMULA
MMPI-2,TR,Mf,male,6,32,adult,NON-OFFICIAL-FORMULA
MMPI-2,TR,Mf,male,7,34,adult,NON-OFFICIAL-FORMULA
MMPI-2,TR,Mf,male,8,36,adult,NON-OFFICIAL-FORMULA
MMPI-2,TR,Mf,male,9,38,adult,NON-OFFICIAL-FORMULA
MMPI-2,TR,Mf,male,10,40,adult,NON-OFFICIAL-FORMULA
MMPI-2,TR,Mf,male,11,42,adult,NON-OFFICIAL-FORMULA
MMPI-2,TR,Mf,male,12,44,adult,NON-OFFICIAL-FORMULA
MMPI-2,TR,Mf,male,13,46,adult,NON-OFFICIAL-FORMULA
MMPI-2,TR,Mf,male,14,48,adult,NON-OFFICIAL-FORMULA
MMPI-2,TR,Mf,male,15,50,adult,NON-OFFICIAL-FORMULA
MMPI-2,TR,Mf,male,16,52,adult,NON-OFFICIAL-FORMULA
MMPI-2,TR,Mf,male,17,54,adult,NON-OFFICIAL-FORMULA
MMPI-2,TR,Mf,male,18,56,adult,NON-OFFICIAL-FORMULA
MMPI-2,TR,Mf,male,19,58,adult,NON-OFFICIAL-FORMULA
MMPI-2,TR,Mf,male,20,60,adult,NON-OFFICIAL-FORMULA
MMPI-2,TR,Mf,male,21,62,adult,NON-OFFICIAL-FORMULA
MMPI-2,TR,Mf,male,22,64,adult,NON-OFFICIAL-FORMULA
MMPI-2,TR,Mf,male,23,66,adult,NON-OFFICIAL-FORMULA
MMPI-2,TR,Mf,male,24,68,adult,NON-OFFICIAL-FORMULA
MMPI-2,TR,Mf,male,25,70,adult,NON-OFFICIAL-FORMULA
MMPI-2,TR,Mf,male,26,72,adult,NON-OFFICIAL-FORMULA
MMPI-2,TR,Mf,male,27,74,adult,NON-OFFICIAL-FORMULA
MMPI-2,TR,Mf,male,28,76,adult,NON-OFFICIAL-FORMULA
MMPI-2,TR,Mf,male,29,78,adult,NON-OFFICIAL-FORMULA
MMPI-2,TR,Mf,male,30,80,adult,NON-OFFICIAL-FORMULA
MMPI-2,TR,Mf,male,31,82,adult,NON-OFFICIAL-FORMULA
MMPI-2,TR,Mf,male,32,84,adult,NON-OFFICIAL-FORMULA
MMPI-2,TR,Mf,male,33,86,adult,NON-OFFICIAL-FORMULA
MMPI-2,TR,Mf,male,34,88,adult,NON-OFFICIAL-FORMULA
MMPI-2,TR,Mf,male,35,90,adult,NON-OFFICIAL-FORMULA
MMPI-2,TR,Mf,male,36,92,adult,NON-OFFICIAL-FORMULA
MMPI-2,TR,Mf,male,37,94,adult,NON-OFFICIAL-FORMULA
MMPI-2,TR,Mf,male,38,96,adult,NON-OFFICIAL-FORMULA
MMPI-2,TR,Mf,male,39,98,adult,NON-OFFICIAL-FORMULA
MMPI-2,TR,Mf,male,40,100,adult,NON-OFFICIAL-FORMULA
MMPI-2,TR,Mf,male,41,102,adult,NON-OFFICIAL-FORMULA
MMPI-2,TR,Mf,male,42,104,adult,NON-OFFICIAL-FORMULA
MMPI-2,TR,Mf,male,43,106,adult,NON-OFFICIAL-FORMULA
MMPI-2,TR,Mf,male,44,108,adult,NON-OFFICIAL-FORMULA
MMPI-2,TR,Mf,male,45,110,adult,NON-OFFICIAL-FORMULA
MMPI-2,TR,Mf,male,46,112,adult,NON-OFFICIAL-FORMULA
MMPI-2,TR,Mf,male,47,114,adult,NON-OFFICIAL-FORMULA
MMPI-2,TR,Mf,male,48,116,adult,NON-OFFICIAL-FORMULA
MMPI-2,TR,Mf,male,49,118,adult,NON-OFFICIAL-FORMULA
MMPI-2,TR,Mf,male,50,120,adult,NON-OFFICIAL-FORMULA
MMPI-2,TR,Mf,male,51,120,adult,NON-OFFICIAL-FORMULA
MMPI-2,TR,Mf,male,52,120,adult,NON-OFFICIAL-FORMULA
MMPI-2,TR,Mf,male,53,120,adult,NON-OFFICIAL-FORMULA
MMPI-2,TR,Mf,male,54,120,adult,NON-OFFICIAL-FORMULA
MMPI-2,TR,Mf,male,55,120,adult,NON-OFFICIAL-FORMULA
MMPI-2,TR,Mf,male,56,120,adult,NON-OFFICIAL-FORMULA
MMPI-2,TR,Mf,male,57,120,adult,NON-OFFICIAL-FORMULA
MMPI-2,TR,Mf,male,58,120,adult,NON-OFFICIAL-FORMULA
MMPI-2,TR,Mf,male,59,120,adult,NON-OFFICIAL-FORMULA
MMPI-2,TR,Mf,male,60,120,adult,NON-OFFICIAL-FORMULA
MMPI-2,TR,Mf,female,0,30,adult,NON-OFFICIAL-FORMULA
MMPI-2,TR,Mf,female,1,30,adult,NON-OFFICIAL-FORMULA
MMPI-2,TR,Mf,female,2,30,adult,NON-OFFICIAL-FORMULA
MMPI-2,TR,Mf,female,3,30,adult,NON-OFFICIAL-FORMULA
MMPI-2,TR,Mf,female,4,30,adult,NON-OFFICIAL-FORMULA
MMPI-2,TR,Mf,female,5,30,adult,NON-OFFICIAL-FORMULA
MMPI-2,TR,Mf,female,6,32,adult,NON-OFFICIAL-FORMULA
MMPI-2,TR,Mf,female,7,34,adult,NON-OFFICIAL-FORMULA
MMPI-2,TR,Mf,female,8,36,adult,NON-OFFICIAL-FORMULA
MMPI-2,TR,Mf,female,9,38,adult,NON-OFFICIAL-FORMULA
MMPI-2,TR,Mf,female,10,40,adult,NON-OFFICIAL-FORMULA
MMPI-2,TR,Mf,female,11,42,adult,NON-OFFICIAL-FORMULA
MMPI-2,TR,Mf,female,12,44,adult,NON-OFFICIAL-FORMULA
MMPI-2,TR,Mf,female,13,46,adult,NON-OFFICIAL-FORMULA
MMPI-2,TR,Mf,female,14,48,adult,NON-OFFICIAL-FORMULA
MMPI-2,TR,Mf,female,15,50,adult,NON-OFFICIAL-FORMULA
MMPI-2,TR,Mf,female,16,52,adult,NON-OFFICIAL-FORMULA
MMPI-2,TR,Mf,female,17,54,adult,NON-OFFICIAL-FORMULA
MMPI-2,TR,Mf,female,18,56,adult,NON-OFFICIAL-FORMULA
MMPI-2,TR,Mf,female,19,58,adult,NON-OFFICIAL-FORMULA
MMPI-2,TR,Mf,female,20,60,adult,NON-OFFICIAL-FORMULA
MMPI-2,TR,Mf,female,21,62,adult,NON-OFFICIAL-FORMULA
MMPI-2,TR,Mf,female,22,64,adult,NON-OFFICIAL-FORMULA
MMPI-2,TR,Mf,female,23,66,adult,NON-OFFICIAL-FORMULA
MMPI-2,TR,Mf,female,24,68,adult,NON-OFFICIAL-FORMULA
MMPI-2,TR,Mf,female,25,70,adult,NON-OFFICIAL-FORMULA
MMPI-2,TR,Mf,female,26,72,adult,NON-OFFICIAL-FORMULA
MMPI-2,TR,Mf,female,27,74,adult,NON-OFFICIAL-FORMULA
MMPI-2,TR,Mf,female,28,76,adult,NON-OFFICIAL-FORMULA
MMPI-2,TR,Mf,female,29,78,adult,NON-OFFICIAL-FORMULA
MMPI-2,TR,Mf,female,30,80,adult,NON-OFFICIAL-FORMULA
MMPI-2,TR,Mf,female,31,82,adult,NON-OFFICIAL-FORMULA
MMPI-2,TR,Mf,female,32,84,adult,NON-OFFICIAL-FORMULA
MMPI-2,TR,Mf,female,33,86,adult,NON-OFFICIAL-FORMULA
MMPI-2,TR,Mf,female,34,88,adult,NON-OFFICIAL-FORMULA
MMPI-2,TR,Mf,female,35,90,adult,NON-OFFICIAL-FORMULA
MMPI-2,TR,Mf,female,36,92,adult,NON-OFFICIAL-FORMULA
MMPI-2,TR,Mf,female,37,94,adult,NON-OFFICIAL-FORMULA
MMPI-2,TR,Mf,female,38,96,adult,NON-OFFICIAL-FORMULA
MMPI-2,TR,Mf,female,39,98,adult,NON-OFFICIAL-FORMULA
MMPI-2,TR,Mf,female,40,100,adult,NON-OFFICIAL-FORMULA
MMPI-2,TR,Mf,female,41,102,adult,NON-OFFICIAL-FORMULA
MMPI-2,TR,Mf,female,42,104,adult,NON-OFFICIAL-FORMULA
MMPI-2,TR,Mf,female,43,106,adult,NON-OFFICIAL-FORMULA
MMPI-2,TR,Mf,female,44,108,adult,NON-OFFICIAL-FORMULA
MMPI-2,TR,Mf,female,45,110,adult,NON-OFFICIAL-FORMULA
MMPI-2,TR,Mf,female,46,112,adult,NON-OFFICIAL-FORMULA
MMPI-2,TR,Mf,female,47,114,adult,NON-OFFICIAL-FORMULA
MMPI-2,TR,Mf,female,48,116,adult,NON-OFFICIAL-FORMULA
MMPI-2,TR,Mf,female,49,118,adult,NON-OFFICIAL-FORMULA
MMPI-2,TR,Mf,female,50,120,adult,NON-OFFICIAL-FORMULA
MMPI-2,TR,Mf,female,51,120,adult,NON-OFFICIAL-FORMULA
MMPI-2,TR,Mf,female,52,120,adult,NON-OFFICIAL-FORMULA
MMPI-2,TR,Mf,female,53,120,adult,NON-OFFICIAL-FORMULA
MMPI-2,TR,Mf,female,54,120,adult,NON-OFFICIAL-FORMULA
MMPI-2,TR,Mf,female,55,120,adult,NON-OFFICIAL-FORMULA
MMPI-2,TR,Mf,female,56,120,adult,NON-OFFICIAL-FORMULA
MMPI-2,TR,Mf,female,57,120,adult,NON-OFFICIAL-FORMULA
MMPI-2,TR,Mf,female,58,120,adult,NON-OFFICIAL-FORMULA
MMPI-2,TR,Mf,female,59,120,adult,NON-OFFICIAL-FORMULA
MMPI-2,TR,Mf,female,60,120,adult,NON-OFFICIAL-FORMULA
MMPI-2,TR,Pa,male,0,30,adult,NON-OFFICIAL-FORMULA
MMPI-2,TR,Pa,male,1,30,adult,NON-OFFICIAL-FORMULA
MMPI-2,TR,Pa,male,2,30,adult,NON-OFFICIAL-FORMULA
MMPI-2,TR,Pa,male,3,30,adult,NON-OFFICIAL-FORMULA
MMPI-2,TR,Pa,male,4,30,adult,NON-OFFICIAL-FORMULA
MMPI-2,TR,Pa,male,5,30,adult,NON-OFFICIAL-FORMULA
MMPI-2,TR,Pa,male,6,32,adult,NON-OFFICIAL-FORMULA
MMPI-2,TR,Pa,male,7,34,adult,NON-OFFICIAL-FORMULA
MMPI-2,TR,Pa,male,8,36,adult,NON-OFFICIAL-FORMULA
MMPI-2,TR,Pa,male,9,38,adult,NON-OFFICIAL-FORMULA
MMPI-2,TR,Pa,male,10,40,adult,NON-OFFICIAL-FORMULA
MMPI-2,TR,Pa,male,11,42,adult,NON-OFFICIAL-FORMULA
MMPI-2,TR,Pa,male,12,44,adult,NON-OFFICIAL-FORMULA
MMPI-2,TR,Pa,male,13,46,adult,NON-OFFICIAL-FORMULA
MMPI-2,TR,Pa,male,14,48,adult,NON-OFFICIAL-FORMULA
MMPI-2,TR,Pa,male,15,50,adult,NON-OFFICIAL-FORMULA
MMPI-2,TR,Pa,male,16,52,adult,NON-OFFICIAL-FORMULA
MMPI-2,TR,Pa,male,17,54,adult,NON-OFFICIAL-FORMULA
MMPI-2,TR,Pa,male,18,56,adult,NON-OFFICIAL-FORMULA
MMPI-2,TR,Pa,male,19,58,adult,NON-OFFICIAL-FORMULA
MMPI-2,TR,Pa,male,20,60,adult,NON-OFFICIAL-FORMULA
MMPI-2,TR,Pa,male,21,62,adult,NON-OFFICIAL-FORMULA
MMPI-2,TR,Pa,male,22,64,adult,NON-OFFICIAL-FORMULA
MMPI-2,TR,Pa,male,23,66,adult,NON-OFFICIAL-FORMULA
MMPI-2,TR,Pa,male,24,68,adult,NON-OFFICIAL-FORMULA
MMPI-2,TR,Pa,male,25,70,adult,NON-OFFICIAL-FORMULA
MMPI-2,TR,Pa,male,26,72,adult,NON-OFFICIAL-FORMULA
MMPI-2,TR,Pa,male,27,74,adult,NON-OFFICIAL-FORMULA
MMPI-2,TR,Pa,male,28,76,adult,NON-OFFICIAL-FORMULA
MMPI-2,TR,Pa,male,29,78,adult,NON-OFFICIAL-FORMULA
MMPI-2,TR,Pa,male,30,80,adult,NON-OFFICIAL-FORMULA
MMPI-2,TR,Pa,male,31,82,adult,NON-OFFICIAL-FORMULA
MMPI-2,TR,Pa,male,32,84,adult,NON-OFFICIAL-FORMULA
MMPI-2,TR,Pa,male,33,86,adult,NON-OFFICIAL-FORMULA
MMPI-2,TR,Pa,male,34,88,adult,NON-OFFICIAL-FORMULA
MMPI-2,TR,Pa,male,35,90,adult,NON-OFFICIAL-FORMULA
MMPI-2,TR,Pa,male,36,92,adult,NON-OFFICIAL-FORMULA
MMPI-2,TR,Pa,male,37,94,adult,NON-OFFICIAL-FORMULA
MMPI-2,TR,Pa,male,38,96,adult,NON-OFFICIAL-FORMULA
MMPI-2,TR,Pa,male,39,98,adult,NON-OFFICIAL-FORMULA
MMPI-2,TR,Pa,male,40,100,adult,NON-OFFICIAL-FORMULA
MMPI-2,TR,Pa,female,0,30,adult,NON-OFFICIAL-FORMULA
MMPI-2,TR,Pa,female,1,30,adult,NON-OFFICIAL-FORMULA
MMPI-2,TR,Pa,female,2,30,adult,NON-OFFICIAL-FORMULA
MMPI-2,TR,Pa,female,3,30,adult,NON-OFFICIAL-FORMULA
MMPI-2,TR,Pa,female,4,30,adult,NON-OFFICIAL-FORMULA
MMPI-2,TR,Pa,female,5,30,adult,NON-OFFICIAL-FORMULA
MMPI-2,TR,Pa,female,6,32,adult,NON-OFFICIAL-FORMULA
MMPI-2,TR,Pa,female,7,34,adult,NON-OFFICIAL-FORMULA
MMPI-2,TR,Pa,female,8,36,adult,NON-OFFICIAL-FORMULA
MMPI-2,TR,Pa,female,9,38,adult,NON-OFFICIAL-FORMULA
MMPI-2,TR,Pa,female,10,40,adult,NON-OFFICIAL-FORMULA
MMPI-2,TR,Pa,female,11,42,adult,NON-OFFICIAL-FORMULA
MMPI-2,TR,Pa,female,12,44,adult,NON-OFFICIAL-FORMULA
MMPI-2,TR,Pa,female,13,46,adult,NON-OFFICIAL-FORMULA
MMPI-2,TR,Pa,female,14,48,adult,NON-OFFICIAL-FORMULA
MMPI-2,TR,Pa,female,15,50,adult,NON-OFFICIAL-FORMULA
MMPI-2,TR,Pa,female,16,52,adult,NON-OFFICIAL-FORMULA
MMPI-2,TR,Pa,female,17,54,adult,NON-OFFICIAL-FORMULA
MMPI-2,TR,Pa,female,18,56,adult,NON-OFFICIAL-FORMULA
MMPI-2,TR,Pa,female,19,58,adult,NON-OFFICIAL-FORMULA
MMPI-2,TR,Pa,female,20,60,adult,NON-OFFICIAL-FORMULA
MMPI-2,TR,Pa,female,21,62,adult,NON-OFFICIAL-FORMULA
MMPI-2,TR,Pa,female,22,64,adult,NON-OFFICIAL-FORMULA
MMPI-2,TR,Pa,female,23,66,adult,NON-OFFICIAL-FORMULA
MMPI-2,TR,Pa,female,24,68,adult,NON-OFFICIAL-FORMULA
MMPI-2,TR,Pa,female,25,70,adult,NON-OFFICIAL-FORMULA
MMPI-2,TR,Pa,female,26,72,adult,NON-OFFICIAL-FORMULA
MMPI-2,TR,Pa,female,27,74,adult,NON-OFFICIAL-FORMULA
MMPI-2,TR,Pa,female,28,76,adult,NON-OFFICIAL-FORMULA
MMPI-2,TR,Pa,female,29,78,adult,NON-OFFICIAL-FORMULA
MMPI-2,TR,Pa,female,30,80,adult,NON-OFFICIAL-FORMULA
MMPI-2,TR,Pa,female,31,82,adult,NON-OFFICIAL-FORMULA
MMPI-2,TR,Pa,female,32,84,adult,NON-OFFICIAL-FORMULA
MMPI-2,TR,Pa,female,33,86,adult,NON-OFFICIAL-FORMULA
MMPI-2,TR,Pa,female,34,88,adult,NON-OFFICIAL-FORMULA
MMPI-2,TR,Pa,female,35,90,adult,NON-OFFICIAL-FORMULA
MMPI-2,TR,Pa,female,36,92,adult,NON-OFFICIAL-FORMULA
MMPI-2,TR,Pa,female,37,94,adult,NON-OFFICIAL-FORMULA
MMPI-2,TR,Pa,female,38,96,adult,NON-OFFICIAL-FORMULA
MMPI-2,TR,Pa,female,39,98,adult,NON-OFFICIAL-FORMULA
MMPI-2,TR,Pa,female,40,100,adult,NON-OFFICIAL-FORMULA
MMPI-2,TR,Pt,male,0,30,adult,NON-OFFICIAL-FORMULA
MMPI-2,TR,Pt,male,1,30,adult,NON-OFFICIAL-FORMULA
MMPI-2,TR,Pt,male,2,30,adult,NON-OFFICIAL-FORMULA
MMPI-2,TR,Pt,male,3,30,adult,NON-OFFICIAL-FORMULA
MMPI-2,TR,Pt,male,4,30,adult,NON-OFFICIAL-FORMULA
MMPI-2,TR,Pt,male,5,30,adult,NON-OFFICIAL-FORMULA
MMPI-2,TR,Pt,male,6,32,adult,NON-OFFICIAL-FORMULA
MMPI-2,TR,Pt,male,7,34,adult,NON-OFFICIAL-FORMULA
MMPI-2,TR,Pt,male,8,36,adult,NON-OFFICIAL-FORMULA
MMPI-2,TR,Pt,male,9,38,adult,NON-OFFICIAL-FORMULA
MMPI-2,TR,Pt,male,10,40,adult,NON-OFFICIAL-FORMULA
MMPI-2,TR,Pt,male,11,42,adult,NON-OFFICIAL-FORMULA
MMPI-2,TR,Pt,male,12,44,adult,NON-OFFICIAL-FORMULA
MMPI-2,TR,Pt,male,13,46,adult,NON-OFFICIAL-FORMULA
MMPI-2,TR,Pt,male,14,48,adult,NON-OFFICIAL-FORMULA
MMPI-2,TR,Pt,male,15,50,adult,NON-OFFICIAL-FORMULA
MMPI-2,TR,Pt,male,16,52,adult,NON-OFFICIAL-FORMULA
MMPI-2,TR,Pt,male,17,54,adult,NON-OFFICIAL-FORMULA
MMPI-2,TR,Pt,male,18,56,adult,NON-OFFICIAL-FORMULA
MMPI-2,TR,Pt,male,19,58,adult,NON-OFFICIAL-FORMULA
MMPI-2,TR,Pt,male,20,60,adult,NON-OFFICIAL-FORMULA
MMPI-2,TR,Pt,male,21,62,adult,NON-OFFICIAL-FORMULA
MMPI-2,TR,Pt,male,22,64,adult,NON-OFFICIAL-FORMULA
MMPI-2,TR,Pt,male,23,66,adult,NON-OFFICIAL-FORMULA
MMPI-2,TR,Pt,male,24,68,adult,NON-OFFICIAL-FORMULA
MMPI-2,TR,Pt,male,25,70,adult,NON-OFFICIAL-FORMULA
MMPI-2,TR,Pt,male,26,72,adult,NON-OFFICIAL-FORMULA
MMPI-2,TR,Pt,male,27,74,adult,NON-OFFICIAL-FORMULA
MMPI-2,TR,Pt,male,28,76,adult,NON-OFFICIAL-FORMULA
MMPI-2,TR,Pt,male,29,78,adult,NON-OFFICIAL-FORMULA
MMPI-2,TR,Pt,male,30,80,adult,NON-OFFICIAL-FORMULA
MMPI-2,TR,Pt,male,31,82,adult,NON-OFFICIAL-FORMULA
MMPI-2,TR,Pt,male,32,84,adult,NON-OFFICIAL-FORMULA
MMPI-2,TR,Pt,male,33,86,adult,NON-OFFICIAL-FORMULA
MMPI-2,TR,Pt,male,34,88,adult,NON-OFFICIAL-FORMULA
MMPI-2,TR,Pt,male,35,90,adult,NON-OFFICIAL-FORMULA
MMPI-2,TR,Pt,male,36,92,adult,NON-OFFICIAL-FORMULA
MMPI-2,TR,Pt,male,37,94,adult,NON-OFFICIAL-FORMULA
MMPI-2,TR,Pt,male,38,96,adult,NON-OFFICIAL-FORMULA
MMPI-2,TR,Pt,male,39,98,adult,NON-OFFICIAL-FORMULA
MMPI-2,TR,Pt,male,40,100,adult,NON-OFFICIAL-FORMULA
MMPI-2,TR,Pt,male,41,102,adult,NON-OFFICIAL-FORMULA
MMPI-2,TR,Pt,male,42,104,adult,NON-OFFICIAL-FORMULA
MMPI-2,TR,Pt,male,43,106,adult,NON-OFFICIAL-FORMULA
MMPI-2,TR,Pt,male,44,108,adult,NON-OFFICIAL-FORMULA
MMPI-2,TR,Pt,male,45,110,adult,NON-OFFICIAL-FORMULA
MMPI-2,TR,Pt,male,46,112,adult,NON-OFFICIAL-FORMULA
MMPI-2,TR,Pt,male,47,114,adult,NON-OFFICIAL-FORMULA
MMPI-2,TR,Pt,male,48,116,adult,NON-OFFICIAL-FORMULA
MMPI-2,TR,Pt,female,0,30,adult,NON-OFFICIAL-FORMULA
MMPI-2,TR,Pt,female,1,30,adult,NON-OFFICIAL-FORMULA
MMPI-2,TR,Pt,female,2,30,adult,NON-OFFICIAL-FORMULA
MMPI-2,TR,Pt,female,3,30,adult,NON-OFFICIAL-FORMULA
MMPI-2,TR,Pt,female,4,30,adult,NON-OFFICIAL-FORMULA
MMPI-2,TR,Pt,female,5,30,adult,NON-OFFICIAL-FORMULA
MMPI-2,TR,Pt,female,6,32,adult,NON-OFFICIAL-FORMULA
MMPI-2,TR,Pt,female,7,34,adult,NON-OFFICIAL-FORMULA
MMPI-2,TR,Pt,female,8,36,adult,NON-OFFICIAL-FORMULA
MMPI-2,TR,Pt,female,9,38,adult,NON-OFFICIAL-FORMULA
MMPI-2,TR,Pt,female,10,40,adult,NON-OFFICIAL-FORMULA
MMPI-2,TR,Pt,female,11,42,adult,NON-OFFICIAL-FORMULA
MMPI-2,TR,Pt,female,12,44,adult,NON-OFFICIAL-FORMULA
MMPI-2,TR,Pt,female,13,46,adult,NON-OFFICIAL-FORMULA
MMPI-2,TR,Pt,female,14,48,adult,NON-OFFICIAL-FORMULA
MMPI-2,TR,Pt,female,15,50,adult,NON-OFFICIAL-FORMULA
MMPI-2,TR,Pt,female,16,52,adult,NON-OFFICIAL-FORMULA
MMPI-2,TR,Pt,female,17,54,adult,NON-OFFICIAL-FORMULA
MMPI-2,TR,Pt,female,18,56,adult,NON-OFFICIAL-FORMULA
MMPI-2,TR,Pt,female,19,58,adult,NON-OFFICIAL-FORMULA
MMPI-2,TR,Pt,female,20,60,adult,NON-OFFICIAL-FORMULA
MMPI-2,TR,Pt,female,21,62,adult,NON-OFFICIAL-FORMULA
MMPI-2,TR,Pt,female,22,64,adult,NON-OFFICIAL-FORMULA
MMPI-2,TR,Pt,female,23,66,adult,NON-OFFICIAL-FORMULA
MMPI-2,TR,Pt,female,24,68,adult,NON-OFFICIAL-FORMULA
MMPI-2,TR,Pt,female,25,70,adult,NON-OFFICIAL-FORMULA
MMPI-2,TR,Pt,female,26,72,adult,NON-OFFICIAL-FORMULA
MMPI-2,TR,Pt,female,27,74,adult,NON-OFFICIAL-FORMULA
MMPI-2,TR,Pt,female,28,76,adult,NON-OFFICIAL-FORMULA
MMPI-2,TR,Pt,female,29,78,adult,NON-OFFICIAL-FORMULA
MMPI-2,TR,Pt,female,30,80,adult,NON-OFFICIAL-FORMULA
MMPI-2,TR,Pt,female,31,82,adult,NON-OFFICIAL-FORMULA
MMPI-2,TR,Pt,female,32,84,adult,NON-OFFICIAL-FORMULA
MMPI-2,TR,Pt,female,33,86,adult,NON-OFFICIAL-FORMULA
MMPI-2,TR,Pt,female,34,88,adult,NON-OFFICIAL-FORMULA
MMPI-2,TR,Pt,female,35,90,adult,NON-OFFICIAL-FORMULA
MMPI-2,TR,Pt,female,36,92,adult,NON-OFFICIAL-FORMULA
MMPI-2,TR,Pt,female,37,94,adult,NON-OFFICIAL-FORMULA
MMPI-2,TR,Pt,female,38,96,adult,NON-OFFICIAL-FORMULA
MMPI-2,TR,Pt,female,39,98,adult,NON-OFFICIAL-FORMULA
MMPI-2,TR,Pt,female,40,100,adult,NON-OFFICIAL-FORMULA
MMPI-2,TR,Pt,female,41,102,adult,NON-OFFICIAL-FORMULA
MMPI-2,TR,Pt,female,42,104,adult,NON-OFFICIAL-FORMULA
MMPI-2,TR,Pt,female,43,106,adult,NON-OFFICIAL-FORMULA
MMPI-2,TR,Pt,female,44,108,adult,NON-OFFICIAL-FORMULA
MMPI-2,TR,Pt,female,45,110,adult,NON-OFFICIAL-FORMULA
MMPI-2,TR,Pt,female,46,112,adult,NON-OFFICIAL-FORMULA
MMPI-2,TR,Pt,female,47,114,adult,NON-OFFICIAL-FORMULA
MMPI-2,TR,Pt,female,48,116,adult,NON-OFFICIAL-FORMULA
MMPI-2,TR,Sc,male,0,30,adult,NON-OFFICIAL-FORMULA
MMPI-2,TR,Sc,male,1,30,adult,NON-OFFICIAL-FORMULA
MMPI-2,TR,Sc,male,2,30,adult,NON-OFFICIAL-FORMULA
MMPI-2,TR,Sc,male,3,30,adult,NON-OFFICIAL-FORMULA
MMPI-2,TR,Sc,male,4,30,adult,NON-OFFICIAL-FORMULA
MMPI-2,TR,Sc,male,5,30,adult,NON-OFFICIAL-FORMULA
MMPI-2,TR,Sc,male,6,32,adult,NON-OFFICIAL-FORMULA
MMPI-2,TR,Sc,male,7,34,adult,NON-OFFICIAL-FORMULA
MMPI-2,TR,Sc,male,8,36,adult,NON-OFFICIAL-FORMULA
MMPI-2,TR,Sc,male,9,38,adult,NON-OFFICIAL-FORMULA
MMPI-2,TR,Sc,male,10,40,adult,NON-OFFICIAL-FORMULA
MMPI-2,TR,Sc,male,11,42,adult,NON-OFFICIAL-FORMULA
MMPI-2,TR,Sc,male,12,44,adult,NON-OFFICIAL-FORMULA
MMPI-2,TR,Sc,male,13,46,adult,NON-OFFICIAL-FORMULA
MMPI-2,TR,Sc,male,14,48,adult,NON-OFFICIAL-FORMULA
MMPI-2,TR,Sc,male,15,50,adult,NON-OFFICIAL-FORMULA
MMPI-2,TR,Sc,male,16,52,adult,NON-OFFICIAL-FORMULA
MMPI-2,TR,Sc,male,17,54,adult,NON-OFFICIAL-FORMULA
MMPI-2,TR,Sc,male,18,56,adult,NON-OFFICIAL-FORMULA
MMPI-2,TR,Sc,male,19,58,adult,NON-OFFICIAL-FORMULA
MMPI-2,TR,Sc,male,20,60,adult,NON-OFFICIAL-FORMULA
MMPI-2,TR,Sc,male,21,62,adult,NON-OFFICIAL-FORMULA
MMPI-2,TR,Sc,male,22,64,adult,NON-OFFICIAL-FORMULA
MMPI-2,TR,Sc,male,23,66,adult,NON-OFFICIAL-FORMULA
MMPI-2,TR,Sc,male,24,68,adult,NON-OFFICIAL-FORMULA
MMPI-2,TR,Sc,male,25,70,adult,NON-OFFICIAL-FORMULA
MMPI-2,TR,Sc,male,26,72,adult,NON-OFFICIAL-FORMULA
MMPI-2,TR,Sc,male,27,74,adult,NON-OFFICIAL-FORMULA
MMPI-2,TR,Sc,male,28,76,adult,NON-OFFICIAL-FORMULA
MMPI-2,TR,Sc,male,29,78,adult,NON-OFFICIAL-FORMULA
MMPI-2,TR,Sc,male,30,80,adult,NON-OFFICIAL-FORMULA
MMPI-2,TR,Sc,male,31,82,adult,NON-OFFICIAL-FORMULA
MMPI-2,TR,Sc,male,32,84,adult,NON-OFFICIAL-FORMULA
MMPI-2,TR,Sc,male,33,86,adult,NON-OFFICIAL-FORMULA
MMPI-2,TR,Sc,male,34,88,adult,NON-OFFICIAL-FORMULA
MMPI-2,TR,Sc,male,35,90,adult,NON-OFFICIAL-FORMULA
MMPI-2,TR,Sc,male,36,92,adult,NON-OFFICIAL-FORMULA
MMPI-2,TR,Sc,male,37,94,adult,NON-OFFICIAL-FORMULA
MMPI-2,TR,Sc,male,38,96,adult,NON-OFFICIAL-FORMULA
MMPI-2,TR,Sc,male,39,98,adult,NON-OFFICIAL-FORMULA
MMPI-2,TR,Sc,male,40,100,adult,NON-OFFICIAL-FORMULA
MMPI-2,TR,Sc,male,41,102,adult,NON-OFFICIAL-FORMULA
MMPI-2,TR,Sc,male,42,104,adult,NON-OFFICIAL-FORMULA
MMPI-2,TR,Sc,male,43,106,adult,NON-OFFICIAL-FORMULA
MMPI-2,TR,Sc,male,44,108,adult,NON-OFFICIAL-FORMULA
MMPI-2,TR,Sc,male,45,110,adult,NON-OFFICIAL-FORMULA
MMPI-2,TR,Sc,male,46,112,adult,NON-OFFICIAL-FORMULA
MMPI-2,TR,Sc,male,47,114,adult,NON-OFFICIAL-FORMULA
MMPI-2,TR,Sc,male,48,116,adult,NON-OFFICIAL-FORMULA
MMPI-2,TR,Sc,male,49,118,adult,NON-OFFICIAL-FORMULA
MMPI-2,TR,Sc,male,50,120,adult,NON-OFFICIAL-FORMULA
MMPI-2,TR,Sc,male,51,120,adult,NON-OFFICIAL-FORMULA
MMPI-2,TR,Sc,male,52,120,adult,NON-OFFICIAL-FORMULA
MMPI-2,TR,Sc,male,53,120,adult,NON-OFFICIAL-FORMULA
MMPI-2,TR,Sc,male,54,120,adult,NON-OFFICIAL-FORMULA
MMPI-2,TR,Sc,male,55,120,adult,NON-OFFICIAL-FORMULA
MMPI-2,TR,Sc,male,56,120,adult,NON-OFFICIAL-FORMULA
MMPI-2,TR,Sc,male,57,120,adult,NON-OFFICIAL-FORMULA
MMPI-2,TR,Sc,male,58,120,adult,NON-OFFICIAL-FORMULA
MMPI-2,TR,Sc,male,59,120,adult,NON-OFFICIAL-FORMULA
MMPI-2,TR,Sc,male,60,120,adult,NON-OFFICIAL-FORMULA
MMPI-2,TR,Sc,male,61,120,adult,NON-OFFICIAL-FORMULA
MMPI-2,TR,Sc,male,62,120,adult,NON-OFFICIAL-FORMULA
MMPI-2,TR,Sc,male,63,120,adult,NON-OFFICIAL-FORMULA
MMPI-2,TR,Sc,male,64,120,adult,NON-OFFICIAL-FORMULA
MMPI-2,TR,Sc,male,65,120,adult,NON-OFFICIAL-FORMULA
MMPI-2,TR,Sc,male,66,120,adult,NON-OFFICIAL-FORMULA
MMPI-2,TR,Sc,male,67,120,adult,NON-OFFICIAL-FORMULA
MMPI-2,TR,Sc,male,68,120,adult,NON-OFFICIAL-FORMULA
MMPI-2,TR,Sc,male,69,120,adult,NON-OFFICIAL-FORMULA
MMPI-2,TR,Sc,male,70,120,adult,NON-OFFICIAL-FORMULA
MMPI-2,TR,Sc,male,71,120,adult,NON-OFFICIAL-FORMULA
MMPI-2,TR,Sc,male,72,120,adult,NON-OFFICIAL-FORMULA
MMPI-2,TR,Sc,male,73,120,adult,NON-OFFICIAL-FORMULA
MMPI-2,TR,Sc,male,74,120,adult,NON-OFFICIAL-FORMULA
MMPI-2,TR,Sc,male,75,120,adult,NON-OFFICIAL-FORMULA
MMPI-2,TR,Sc,male,76,120,adult,NON-OFFICIAL-FORMULA
MMPI-2,TR,Sc,male,77,120,adult,NON-OFFICIAL-FORMULA
MMPI-2,TR,Sc,male,78,120,adult,NON-OFFICIAL-FORMULA
MMPI-2,TR,Sc,female,0,30,adult,NON-OFFICIAL-FORMULA
MMPI-2,TR,Sc,female,1,30,adult,NON-OFFICIAL-FORMULA
MMPI-2,TR,Sc,female,2,30,adult,NON-OFFICIAL-FORMULA
MMPI-2,TR,Sc,female,3,30,adult,NON-OFFICIAL-FORMULA
MMPI-2,TR,Sc,female,4,30,adult,NON-OFFICIAL-FORMULA
MMPI-2,TR,Sc,female,5,30,adult,NON-OFFICIAL-FORMULA
MMPI-2,TR,Sc,female,6,32,adult,NON-OFFICIAL-FORMULA
MMPI-2,TR,Sc,female,7,34,adult,NON-OFFICIAL-FORMULA
MMPI-2,TR,Sc,female,8,36,adult,NON-OFFICIAL-FORMULA
MMPI-2,TR,Sc,female,9,38,adult,NON-OFFICIAL-FORMULA
MMPI-2,TR,Sc,female,10,40,adult,NON-OFFICIAL-FORMULA
MMPI-2,TR,Sc,female,11,42,adult,NON-OFFICIAL-FORMULA
MMPI-2,TR,Sc,female,12,44,adult,NON-OFFICIAL-FORMULA
MMPI-2,TR,Sc,female,13,46,adult,NON-OFFICIAL-FORMULA
MMPI-2,TR,Sc,female,14,48,adult,NON-OFFICIAL-FORMULA
MMPI-2,TR,Sc,female,15,50,adult,NON-OFFICIAL-FORMULA
MMPI-2,TR,Sc,female,16,52,adult,NON-OFFICIAL-FORMULA
MMPI-2,TR,Sc,female,17,54,adult,NON-OFFICIAL-FORMULA
MMPI-2,TR,Sc,female,18,56,adult,NON-OFFICIAL-FORMULA
MMPI-2,TR,Sc,female,19,58,adult,NON-OFFICIAL-FORMULA
MMPI-2,TR,Sc,female,20,60,adult,NON-OFFICIAL-FORMULA
MMPI-2,TR,Sc,female,21,62,adult,NON-OFFICIAL-FORMULA
MMPI-2,TR,Sc,female,22,64,adult,NON-OFFICIAL-FORMULA
MMPI-2,TR,Sc,female,23,66,adult,NON-OFFICIAL-FORMULA
MMPI-2,TR,Sc,female,24,68,adult,NON-OFFICIAL-FORMULA
MMPI-2,TR,Sc,female,25,70,adult,NON-OFFICIAL-FORMULA
MMPI-2,TR,Sc,female,26,72,adult,NON-OFFICIAL-FORMULA
MMPI-2,TR,Sc,female,27,74,adult,NON-OFFICIAL-FORMULA
MMPI-2,TR,Sc,female,28,76,adult,NON-OFFICIAL-FORMULA
MMPI-2,TR,Sc,female,29,78,adult,NON-OFFICIAL-FORMULA
MMPI-2,TR,Sc,female,30,80,adult,NON-OFFICIAL-FORMULA
MMPI-2,TR,Sc,female,31,82,adult,NON-OFFICIAL-FORMULA
MMPI-2,TR,Sc,female,32,84,adult,NON-OFFICIAL-FORMULA
MMPI-2,TR,Sc,female,33,86,adult,NON-OFFICIAL-FORMULA
MMPI-2,TR,Sc,female,34,88,adult,NON-OFFICIAL-FORMULA
MMPI-2,TR,Sc,female,35,90,adult,NON-OFFICIAL-FORMULA
MMPI-2,TR,Sc,female,36,92,adult,NON-OFFICIAL-FORMULA
MMPI-2,TR,Sc,female,37,94,adult,NON-OFFICIAL-FORMULA
MMPI-2,TR,Sc,female,38,96,adult,NON-OFFICIAL-FORMULA
MMPI-2,TR,Sc,female,39,98,adult,NON-OFFICIAL-FORMULA
MMPI-2,TR,Sc,female,40,100,adult,NON-OFFICIAL-FORMULA
MMPI-2,TR,Sc,female,41,102,adult,NON-OFFICIAL-FORMULA
MMPI-2,TR,Sc,female,42,104,adult,NON-OFFICIAL-FORMULA
MMPI-2,TR,Sc,female,43,106,adult,NON-OFFICIAL-FORMULA
MMPI-2,TR,Sc,female,44,108,adult,NON-OFFICIAL-FORMULA
MMPI-2,TR,Sc,female,45,110,adult,NON-OFFICIAL-FORMULA
MMPI-2,TR,Sc,female,46,112,adult,NON-OFFICIAL-FORMULA
MMPI-2,TR,Sc,female,47,114,adult,NON-OFFICIAL-FORMULA
MMPI-2,TR,Sc,female,48,116,adult,NON-OFFICIAL-FORMULA
MMPI-2,TR,Sc,female,49,118,adult,NON-OFFICIAL-FORMULA
MMPI-2,TR,Sc,female,50,120,adult,NON-OFFICIAL-FORMULA
MMPI-2,TR,Sc,female,51,120,adult,NON-OFFICIAL-FORMULA
MMPI-2,TR,Sc,female,52,120,adult,NON-OFFICIAL-FORMULA
MMPI-2,TR,Sc,female,53,120,adult,NON-OFFICIAL-FORMULA
MMPI-2,TR,Sc,female,54,120,adult,NON-OFFICIAL-FORMULA
MMPI-2,TR,Sc,female,55,120,adult,NON-OFFICIAL-FORMULA
MMPI-2,TR,Sc,female,56,120,adult,NON-OFFICIAL-FORMULA
MMPI-2,TR,Sc,female,57,120,adult,NON-OFFICIAL-FORMULA
MMPI-2,TR,Sc,female,58,120,adult,NON-OFFICIAL-FORMULA
MMPI-2,TR,Sc,female,59,120,adult,NON-OFFICIAL-FORMULA
MMPI-2,TR,Sc,female,60,120,adult,NON-OFFICIAL-FORMULA
MMPI-2,TR,Sc,female,61,120,adult,NON-OFFICIAL-FORMULA
MMPI-2,TR,Sc,female,62,120,adult,NON-OFFICIAL-FORMULA
MMPI-2,TR,Sc,female,63,120,adult,NON-OFFICIAL-FORMULA
MMPI-2,TR,Sc,female,64,120,adult,NON-OFFICIAL-FORMULA
MMPI-2,TR,Sc,female,65,120,adult,NON-OFFICIAL-FORMULA
MMPI-2,TR,Sc,female,66,120,adult,NON-OFFICIAL-FORMULA
MMPI-2,TR,Sc,female,67,120,adult,NON-OFFICIAL-FORMULA
MMPI-2,TR,Sc,female,68,120,adult,NON-OFFICIAL-FORMULA
MMPI-2,TR,Sc,female,69,120,adult,NON-OFFICIAL-FORMULA
MMPI-2,TR,Sc,female,70,120,adult,NON-OFFICIAL-FORMULA
MMPI-2,TR,Sc,female,71,120,adult,NON-OFFICIAL-FORMULA
MMPI-2,TR,Sc,female,72,120,adult,NON-OFFICIAL-FORMULA
MMPI-2,TR,Sc,female,73,120,adult,NON-OFFICIAL-FORMULA
MMPI-2,TR,Sc,female,74,120,adult,NON-OFFICIAL-FORMULA
MMPI-2,TR,Sc,female,75,120,adult,NON-OFFICIAL-FORMULA
MMPI-2,TR,Sc,female,76,120,adult,NON-OFFICIAL-FORMULA
MMPI-2,TR,Sc,female,77,120,adult,NON-OFFICIAL-FORMULA
MMPI-2,TR,Sc,female,78,120,adult,NON-OFFICIAL-FORMULA
MMPI-2,TR,Ma,male,0,30,adult,NON-OFFICIAL-FORMULA
MMPI-2,TR,Ma,male,1,30,adult,NON-OFFICIAL-FORMULA
MMPI-2,TR,Ma,male,2,30,adult,NON-OFFICIAL-FORMULA
MMPI-2,TR,Ma,male,3,30,adult,NON-OFFICIAL-FORMULA
MMPI-2,TR,Ma,male,4,30,adult,NON-OFFICIAL-FORMULA
MMPI-2,TR,Ma,male,5,30,adult,NON-OFFICIAL-FORMULA
MMPI-2,TR,Ma,male,6,32,adult,NON-OFFICIAL-FORMULA
MMPI-2,TR,Ma,male,7,34,adult,NON-OFFICIAL-FORMULA
MMPI-2,TR,Ma,male,8,36,adult,NON-OFFICIAL-FORMULA
MMPI-2,TR,Ma,male,9,38,adult,NON-OFFICIAL-FORMULA
MMPI-2,TR,Ma,male,10,40,adult,NON-OFFICIAL-FORMULA
MMPI-2,TR,Ma,male,11,42,adult,NON-OFFICIAL-FORMULA
MMPI-2,TR,Ma,male,12,44,adult,NON-OFFICIAL-FORMULA
MMPI-2,TR,Ma,male,13,46,adult,NON-OFFICIAL-FORMULA
MMPI-2,TR,Ma,male,14,48,adult,NON-OFFICIAL-FORMULA
MMPI-2,TR,Ma,male,15,50,adult,NON-OFFICIAL-FORMULA
MMPI-2,TR,Ma,male,16,52,adult,NON-OFFICIAL-FORMULA
MMPI-2,TR,Ma,male,17,54,adult,NON-OFFICIAL-FORMULA
MMPI-2,TR,Ma,male,18,56,adult,NON-OFFICIAL-FORMULA
MMPI-2,TR,Ma,male,19,58,adult,NON-OFFICIAL-FORMULA
MMPI-2,TR,Ma,male,20,60,adult,NON-OFFICIAL-FORMULA
MMPI-2,TR,Ma,male,21,62,adult,NON-OFFICIAL-FORMULA
MMPI-2,TR,Ma,male,22,64,adult,NON-OFFICIAL-FORMULA
MMPI-2,TR,Ma,male,23,66,adult,NON-OFFICIAL-FORMULA
MMPI-2,TR,Ma,male,24,68,adult,NON-OFFICIAL-FORMULA
MMPI-2,TR,Ma,male,25,70,adult,NON-OFFICIAL-FORMULA
MMPI-2,TR,Ma,male,26,72,adult,NON-OFFICIAL-FORMULA
MMPI-2,TR,Ma,male,27,74,adult,NON-OFFICIAL-FORMULA
MMPI-2,TR,Ma,male,28,76,adult,NON-OFFICIAL-FORMULA
MMPI-2,TR,Ma,male,29,78,adult,NON-OFFICIAL-FORMULA
MMPI-2,TR,Ma,male,30,80,adult,NON-OFFICIAL-FORMULA
MMPI-2,TR,Ma,male,31,82,adult,NON-OFFICIAL-FORMULA
MMPI-2,TR,Ma,male,32,84,adult,NON-OFFICIAL-FORMULA
MMPI-2,TR,Ma,male,33,86,adult,NON-OFFICIAL-FORMULA
MMPI-2,TR,Ma,male,34,88,adult,NON-OFFICIAL-FORMULA
MMPI-2,TR,Ma,male,35,90,adult,NON-OFFICIAL-FORMULA
MMPI-2,TR,Ma,male,36,92,adult,NON-OFFICIAL-FORMULA
MMPI-2,TR,Ma,male,37,94,adult,NON-OFFICIAL-FORMULA
MMPI-2,TR,Ma,male,38,96,adult,NON-OFFICIAL-FORMULA
MMPI-2,TR,Ma,male,39,98,adult,NON-OFFICIAL-FORMULA
MMPI-2,TR,Ma,male,40,100,adult,NON-OFFICIAL-FORMULA
MMPI-2,TR,Ma,male,41,102,adult,NON-OFFICIAL-FORMULA
MMPI-2,TR,Ma,male,42,104,adult,NON-OFFICIAL-FORMULA
MMPI-2,TR,Ma,male,43,106,adult,NON-OFFICIAL-FORMULA
MMPI-2,TR,Ma,male,44,108,adult,NON-OFFICIAL-FORMULA
MMPI-2,TR,Ma,male,45,110,adult,NON-OFFICIAL-FORMULA
MMPI-2,TR,Ma,male,46,112,adult,NON-OFFICIAL-FORMULA
MMPI-2,TR,Ma,male,47,114,adult,NON-OFFICIAL-FORMULA
MMPI-2,TR,Ma,male,48,116,adult,NON-OFFICIAL-FORMULA
MMPI-2,TR,Ma,male,49,118,adult,NON-OFFICIAL-FORMULA
MMPI-2,TR,Ma,male,50,120,adult,NON-OFFICIAL-FORMULA
MMPI-2,TR,Ma,male,51,120,adult,NON-OFFICIAL-FORMULA
MMPI-2,TR,Ma,male,52,120,adult,NON-OFFICIAL-FORMULA
MMPI-2,TR,Ma,male,53,120,adult,NON-OFFICIAL-FORMULA
MMPI-2,TR,Ma,male,54,120,adult,NON-OFFICIAL-FORMULA
MMPI-2,TR,Ma,male,55,120,adult,NON-OFFICIAL-FORMULA
MMPI-2,TR,Ma,male,56,120,adult,NON-OFFICIAL-FORMULA
MMPI-2,TR,Ma,male,57,120,adult,NON-OFFICIAL-FORMULA
MMPI-2,TR,Ma,male,58,120,adult,NON-OFFICIAL-FORMULA
MMPI-2,TR,Ma,male,59,120,adult,NON-OFFICIAL-FORMULA
MMPI-2,TR,Ma,male,60,120,adult,NON-OFFICIAL-FORMULA
MMPI-2,TR,Ma,female,0,30,adult,NON-OFFICIAL-FORMULA
MMPI-2,TR,Ma,female,1,30,adult,NON-OFFICIAL-FORMULA
MMPI-2,TR,Ma,female,2,30,adult,NON-OFFICIAL-FORMULA
MMPI-2,TR,Ma,female,3,30,adult,NON-OFFICIAL-FORMULA
MMPI-2,TR,Ma,female,4,30,adult,NON-OFFICIAL-FORMULA
MMPI-2,TR,Ma,female,5,30,adult,NON-OFFICIAL-FORMULA
MMPI-2,TR,Ma,female,6,32,adult,NON-OFFICIAL-FORMULA
MMPI-2,TR,Ma,female,7,34,adult,NON-OFFICIAL-FORMULA
MMPI-2,TR,Ma,female,8,36,adult,NON-OFFICIAL-FORMULA
MMPI-2,TR,Ma,female,9,38,adult,NON-OFFICIAL-FORMULA
MMPI-2,TR,Ma,female,10,40,adult,NON-OFFICIAL-FORMULA
MMPI-2,TR,Ma,female,11,42,adult,NON-OFFICIAL-FORMULA
MMPI-2,TR,Ma,female,12,44,adult,NON-OFFICIAL-FORMULA
MMPI-2,TR,Ma,female,13,46,adult,NON-OFFICIAL-FORMULA
MMPI-2,TR,Ma,female,14,48,adult,NON-OFFICIAL-FORMULA
MMPI-2,TR,Ma,female,15,50,adult,NON-OFFICIAL-FORMULA
MMPI-2,TR,Ma,female,16,52,adult,NON-OFFICIAL-FORMULA
MMPI-2,TR,Ma,female,17,54,adult,NON-OFFICIAL-FORMULA
MMPI-2,TR,Ma,female,18,56,adult,NON-OFFICIAL-FORMULA
MMPI-2,TR,Ma,female,19,58,adult,NON-OFFICIAL-FORMULA
MMPI-2,TR,Ma,female,20,60,adult,NON-OFFICIAL-FORMULA
MMPI-2,TR,Ma,female,21,62,adult,NON-OFFICIAL-FORMULA
MMPI-2,TR,Ma,female,22,64,adult,NON-OFFICIAL-FORMULA
MMPI-2,TR,Ma,female,23,66,adult,NON-OFFICIAL-FORMULA
MMPI-2,TR,Ma,female,24,68,adult,NON-OFFICIAL-FORMULA
MMPI-2,TR,Ma,female,25,70,adult,NON-OFFICIAL-FORMULA
MMPI-2,TR,Ma,female,26,72,adult,NON-OFFICIAL-FORMULA
MMPI-2,TR,Ma,female,27,74,adult,NON-OFFICIAL-FORMULA
MMPI-2,TR,Ma,female,28,76,adult,NON-OFFICIAL-FORMULA
MMPI-2,TR,Ma,female,29,78,adult,NON-OFFICIAL-FORMULA
MMPI-2,TR,Ma,female,30,80,adult,NON-OFFICIAL-FORMULA
MMPI-2,TR,Ma,female,31,82,adult,NON-OFFICIAL-FORMULA
MMPI-2,TR,Ma,female,32,84,adult,NON-OFFICIAL-FORMULA
MMPI-2,TR,Ma,female,33,86,adult,NON-OFFICIAL-FORMULA
MMPI-2,TR,Ma,female,34,88,adult,NON-OFFICIAL-FORMULA
MMPI-2,TR,Ma,female,35,90,adult,NON-OFFICIAL-FORMULA
MMPI-2,TR,Ma,female,36,92,adult,NON-OFFICIAL-FORMULA
MMPI-2,TR,Ma,female,37,94,adult,NON-OFFICIAL-FORMULA
MMPI-2,TR,Ma,female,38,96,adult,NON-OFFICIAL-FORMULA
MMPI-2,TR,Ma,female,39,98,adult,NON-OFFICIAL-FORMULA
MMPI-2,TR,Ma,female,40,100,adult,NON-OFFICIAL-FORMULA
MMPI-2,TR,Ma,female,41,102,adult,NON-OFFICIAL-FORMULA
MMPI-2,TR,Ma,female,42,104,adult,NON-OFFICIAL-FORMULA
MMPI-2,TR,Ma,female,43,106,adult,NON-OFFICIAL-FORMULA
MMPI-2,TR,Ma,female,44,108,adult,NON-OFFICIAL-FORMULA
MMPI-2,TR,Ma,female,45,110,adult,NON-OFFICIAL-FORMULA
MMPI-2,TR,Ma,female,46,112,adult,NON-OFFICIAL-FORMULA
MMPI-2,TR,Ma,female,47,114,adult,NON-OFFICIAL-FORMULA
MMPI-2,TR,Ma,female,48,116,adult,NON-OFFICIAL-FORMULA
MMPI-2,TR,Ma,female,49,118,adult,NON-OFFICIAL-FORMULA
MMPI-2,TR,Ma,female,50,120,adult,NON-OFFICIAL-FORMULA
MMPI-2,TR,Ma,female,51,120,adult,NON-OFFICIAL-FORMULA
MMPI-2,TR,Ma,female,52,120,adult,NON-OFFICIAL-FORMULA
MMPI-2,TR,Ma,female,53,120,adult,NON-OFFICIAL-FORMULA
MMPI-2,TR,Ma,female,54,120,adult,NON-OFFICIAL-FORMULA
MMPI-2,TR,Ma,female,55,120,adult,NON-OFFICIAL-FORMULA
MMPI-2,TR,Ma,female,56,120,adult,NON-OFFICIAL-FORMULA
MMPI-2,TR,Ma,female,57,120,adult,NON-OFFICIAL-FORMULA
MMPI-2,TR,Ma,female,58,120,adult,NON-OFFICIAL-FORMULA
MMPI-2,TR,Ma,female,59,120,adult,NON-OFFICIAL-FORMULA
MMPI-2,TR,Ma,female,60,120,adult,NON-OFFICIAL-FORMULA
MMPI-2,TR,Si,male,0,30,adult,NON-OFFICIAL-FORMULA
MMPI-2,TR,Si,male,1,30,adult,NON-OFFICIAL-FORMULA
MMPI-2,TR,Si,male,2,30,adult,NON-OFFICIAL-FORMULA
MMPI-2,TR,Si,male,3,30,adult,NON-OFFICIAL-FORMULA
MMPI-2,TR,Si,male,4,30,adult,NON-OFFICIAL-FORMULA
MMPI-2,TR,Si,male,5,30,adult,NON-OFFICIAL-FORMULA
MMPI-2,TR,Si,male,6,32,adult,NON-OFFICIAL-FORMULA
MMPI-2,TR,Si,male,7,34,adult,NON-OFFICIAL-FORMULA
MMPI-2,TR,Si,male,8,36,adult,NON-OFFICIAL-FORMULA
MMPI-2,TR,Si,male,9,38,adult,NON-OFFICIAL-FORMULA
MMPI-2,TR,Si,male,10,40,adult,NON-OFFICIAL-FORMULA
MMPI-2,TR,Si,male,11,42,adult,NON-OFFICIAL-FORMULA
MMPI-2,TR,Si,male,12,44,adult,NON-OFFICIAL-FORMULA
MMPI-2,TR,Si,male,13,46,adult,NON-OFFICIAL-FORMULA
MMPI-2,TR,Si,male,14,48,adult,NON-OFFICIAL-FORMULA
MMPI-2,TR,Si,male,15,50,adult,NON-OFFICIAL-FORMULA
MMPI-2,TR,Si,male,16,52,adult,NON-OFFICIAL-FORMULA
MMPI-2,TR,Si,male,17,54,adult,NON-OFFICIAL-FORMULA
MMPI-2,TR,Si,male,18,56,adult,NON-OFFICIAL-FORMULA
MMPI-2,TR,Si,male,19,58,adult,NON-OFFICIAL-FORMULA
MMPI-2,TR,Si,male,20,60,adult,NON-OFFICIAL-FORMULA
MMPI-2,TR,Si,male,21,62,adult,NON-OFFICIAL-FORMULA
MMPI-2,TR,Si,male,22,64,adult,NON-OFFICIAL-FORMULA
MMPI-2,TR,Si,male,23,66,adult,NON-OFFICIAL-FORMULA
MMPI-2,TR,Si,male,24,68,adult,NON-OFFICIAL-FORMULA
MMPI-2,TR,Si,male,25,70,adult,NON-OFFICIAL-FORMULA
MMPI-2,TR,Si,male,26,72,adult,NON-OFFICIAL-FORMULA
MMPI-2,TR,Si,male,27,74,adult,NON-OFFICIAL-FORMULA
MMPI-2,TR,Si,male,28,76,adult,NON-OFFICIAL-FORMULA
MMPI-2,TR,Si,male,29,78,adult,NON-OFFICIAL-FORMULA
MMPI-2,TR,Si,male,30,80,adult,NON-OFFICIAL-FORMULA
MMPI-2,TR,Si,male,31,82,adult,NON-OFFICIAL-FORMULA
MMPI-2,TR,Si,male,32,84,adult,NON-OFFICIAL-FORMULA
MMPI-2,TR,Si,male,33,86,adult,NON-OFFICIAL-FORMULA
MMPI-2,TR,Si,male,34,88,adult,NON-OFFICIAL-FORMULA
MMPI-2,TR,Si,male,35,90,adult,NON-OFFICIAL-FORMULA
MMPI-2,TR,Si,male,36,92,adult,NON-OFFICIAL-FORMULA
MMPI-2,TR,Si,male,37,94,adult,NON-OFFICIAL-FORMULA
MMPI-2,TR,Si,male,38,96,adult,NON-OFFICIAL-FORMULA
MMPI-2,TR,Si,male,39,98,adult,NON-OFFICIAL-FORMULA
MMPI-2,TR,Si,male,40,100,adult,NON-OFFICIAL-FORMULA
MMPI-2,TR,Si,male,41,102,adult,NON-OFFICIAL-FORMULA
MMPI-2,TR,Si,male,42,104,adult,NON-OFFICIAL-FORMULA
MMPI-2,TR,Si,male,43,106,adult,NON-OFFICIAL-FORMULA
MMPI-2,TR,Si,male,44,108,adult,NON-OFFICIAL-FORMULA
MMPI-2,TR,Si,male,45,110,adult,NON-OFFICIAL-FORMULA
MMPI-2,TR,Si,male,46,112,adult,NON-OFFICIAL-FORMULA
MMPI-2,TR,Si,male,47,114,adult,NON-OFFICIAL-FORMULA
MMPI-2,TR,Si,male,48,116,adult,NON-OFFICIAL-FORMULA
MMPI-2,TR,Si,male,49,118,adult,NON-OFFICIAL-FORMULA
MMPI-2,TR,Si,male,50,120,adult,NON-OFFICIAL-FORMULA
MMPI-2,TR,Si,male,51,120,adult,NON-OFFICIAL-FORMULA
MMPI-2,TR,Si,male,52,120,adult,NON-OFFICIAL-FORMULA
MMPI-2,TR,Si,male,53,120,adult,NON-OFFICIAL-FORMULA
MMPI-2,TR,Si,male,54,120,adult,NON-OFFICIAL-FORMULA
MMPI-2,TR,Si,male,55,120,adult,NON-OFFICIAL-FORMULA
MMPI-2,TR,Si,male,56,120,adult,NON-OFFICIAL-FORMULA
MMPI-2,TR,Si,male,57,120,adult,NON-OFFICIAL-FORMULA
MMPI-2,TR,Si,male,58,120,adult,NON-OFFICIAL-FORMULA
MMPI-2,TR,Si,male,59,120,adult,NON-OFFICIAL-FORMULA
MMPI-2,TR,Si,male,60,120,adult,NON-OFFICIAL-FORMULA
MMPI-2,TR,Si,male,61,120,adult,NON-OFFICIAL-FORMULA
MMPI-2,TR,Si,male,62,120,adult,NON-OFFICIAL-FORMULA
MMPI-2,TR,Si,male,63,120,adult,NON-OFFICIAL-FORMULA
MMPI-2,TR,Si,male,64,120,adult,NON-OFFICIAL-FORMULA
MMPI-2,TR,Si,male,65,120,adult,NON-OFFICIAL-FORMULA
MMPI-2,TR,Si,male,66,120,adult,NON-OFFICIAL-FORMULA
MMPI-2,TR,Si,male,67,120,adult,NON-OFFICIAL-FORMULA
MMPI-2,TR,Si,male,68,120,adult,NON-OFFICIAL-FORMULA
MMPI-2,TR,Si,male,69,120,adult,NON-OFFICIAL-FORMULA
MMPI-2,TR,Si,male,70,120,adult,NON-OFFICIAL-FORMULA
MMPI-2,TR,Si,female,0,30,adult,NON-OFFICIAL-FORMULA
MMPI-2,TR,Si,female,1,30,adult,NON-OFFICIAL-FORMULA
MMPI-2,TR,Si,female,2,30,adult,NON-OFFICIAL-FORMULA
MMPI-2,TR,Si,female,3,30,adult,NON-OFFICIAL-FORMULA
MMPI-2,TR,Si,female,4,30,adult,NON-OFFICIAL-FORMULA
MMPI-2,TR,Si,female,5,30,adult,NON-OFFICIAL-FORMULA
MMPI-2,TR,Si,female,6,32,adult,NON-OFFICIAL-FORMULA
MMPI-2,TR,Si,female,7,34,adult,NON-OFFICIAL-FORMULA
MMPI-2,TR,Si,female,8,36,adult,NON-OFFICIAL-FORMULA
MMPI-2,TR,Si,female,9,38,adult,NON-OFFICIAL-FORMULA
MMPI-2,TR,Si,female,10,40,adult,NON-OFFICIAL-FORMULA
MMPI-2,TR,Si,female,11,42,adult,NON-OFFICIAL-FORMULA
MMPI-2,TR,Si,female,12,44,adult,NON-OFFICIAL-FORMULA
MMPI-2,TR,Si,female,13,46,adult,NON-OFFICIAL-FORMULA
MMPI-2,TR,Si,female,14,48,adult,NON-OFFICIAL-FORMULA
MMPI-2,TR,Si,female,15,50,adult,NON-OFFICIAL-FORMULA
MMPI-2,TR,Si,female,16,52,adult,NON-OFFICIAL-FORMULA
MMPI-2,TR,Si,female,17,54,adult,NON-OFFICIAL-FORMULA
MMPI-2,TR,Si,female,18,56,adult,NON-OFFICIAL-FORMULA
MMPI-2,TR,Si,female,19,58,adult,NON-OFFICIAL-FORMULA
MMPI-2,TR,Si,female,20,60,adult,NON-OFFICIAL-FORMULA
MMPI-2,TR,Si,female,21,62,adult,NON-OFFICIAL-FORMULA
MMPI-2,TR,Si,female,22,64,adult,NON-OFFICIAL-FORMULA
MMPI-2,TR,Si,female,23,66,adult,NON-OFFICIAL-FORMULA
MMPI-2,TR,Si,female,24,68,adult,NON-OFFICIAL-FORMULA
MMPI-2,TR,Si,female,25,70,adult,NON-OFFICIAL-FORMULA
MMPI-2,TR,Si,female,26,72,adult,NON-OFFICIAL-FORMULA
MMPI-2,TR,Si,female,27,74,adult,NON-OFFICIAL-FORMULA
MMPI-2,TR,Si,female,28,76,adult,NON-OFFICIAL-FORMULA
MMPI-2,TR,Si,female,29,78,adult,NON-OFFICIAL-FORMULA
MMPI-2,TR,Si,female,30,80,adult,NON-OFFICIAL-FORMULA
MMPI-2,TR,Si,female,31,82,adult,NON-OFFICIAL-FORMULA
MMPI-2,TR,Si,female,32,84,adult,NON-OFFICIAL-FORMULA
MMPI-2,TR,Si,female,33,86,adult,NON-OFFICIAL-FORMULA
MMPI-2,TR,Si,female,34,88,adult,NON-OFFICIAL-FORMULA
MMPI-2,TR,Si,female,35,90,adult,NON-OFFICIAL-FORMULA
MMPI-2,TR,Si,female,36,92,adult,NON-OFFICIAL-FORMULA
MMPI-2,TR,Si,female,37,94,adult,NON-OFFICIAL-FORMULA
MMPI-2,TR,Si,female,38,96,adult,NON-OFFICIAL-FORMULA
MMPI-2,TR,Si,female,39,98,adult,NON-OFFICIAL-FORMULA
MMPI-2,TR,Si,female,40,100,adult,NON-OFFICIAL-FORMULA
MMPI-2,TR,Si,female,41,102,adult,NON-OFFICIAL-FORMULA
MMPI-2,TR,Si,female,42,104,adult,NON-OFFICIAL-FORMULA
MMPI-2,TR,Si,female,43,106,adult,NON-OFFICIAL-FORMULA
MMPI-2,TR,Si,female,44,108,adult,NON-OFFICIAL-FORMULA
MMPI-2,TR,Si,female,45,110,adult,NON-OFFICIAL-FORMULA
MMPI-2,TR,Si,female,46,112,adult,NON-OFFICIAL-FORMULA
MMPI-2,TR,Si,female,47,114,adult,NON-OFFICIAL-FORMULA
MMPI-2,TR,Si,female,48,116,adult,NON-OFFICIAL-FORMULA
MMPI-2,TR,Si,female,49,118,adult,NON-OFFICIAL-FORMULA
MMPI-2,TR,Si,female,50,120,adult,NON-OFFICIAL-FORMULA
MMPI-2,TR,Si,female,51,120,adult,NON-OFFICIAL-FORMULA
MMPI-2,TR,Si,female,52,120,adult,NON-OFFICIAL-FORMULA
MMPI-2,TR,Si,female,53,120,adult,NON-OFFICIAL-FORMULA
MMPI-2,TR,Si,female,54,120,adult,NON-OFFICIAL-FORMULA
MMPI-2,TR,Si,female,55,120,adult,NON-OFFICIAL-FORMULA
MMPI-2,TR,Si,female,56,120,adult,NON-OFFICIAL-FORMULA
MMPI-2,TR,Si,female,57,120,adult,NON-OFFICIAL-FORMULA
MMPI-2,TR,Si,female,58,120,adult,NON-OFFICIAL-FORMULA
MMPI-2,TR,Si,female,59,120,adult,NON-OFFICIAL-FORMULA
MMPI-2,TR,Si,female,60,120,adult,NON-OFFICIAL-FORMULA
MMPI-2,TR,Si,female,61,120,adult,NON-OFFICIAL-FORMULA
MMPI-2,TR,Si,female,62,120,adult,NON-OFFICIAL-FORMULA
MMPI-2,TR,Si,female,63,120,adult,NON-OFFICIAL-FORMULA
MMPI-2,TR,Si,female,64,120,adult,NON-OFFICIAL-FORMULA
MMPI-2,TR,Si,female,65,120,adult,NON-OFFICIAL-FORMULA
MMPI-2,TR,Si,female,66,120,adult,NON-OFFICIAL-FORMULA
MMPI-2,TR,Si,female,67,120,adult,NON-OFFICIAL-FORMULA
MMPI-2,TR,Si,female,68,120,adult,NON-OFFICIAL-FORMULA
MMPI-2,TR,Si,female,69,120,adult,NON-OFFICIAL-FORMULA
MMPI-2,TR,Si,female,70,120,adult,NON-OFFICIAL-FORMULA
